group,drug_name,ndcnum,generic_name
cephalosporins,cephalexin,00003074950,Cephalexin
cephalosporins,cephalexin,00003074951,Cephalexin
cephalosporins,cephalexin,00003074960,Cephalexin
cephalosporins,cephalexin,00003087450,Cephalexin
cephalosporins,cephalexin,00003087451,Cephalexin
cephalosporins,cephalexin,00003087460,Cephalexin
cephalosporins,cephalexin,00003220130,Cephalexin
cephalosporins,cephalexin,00003220140,Cephalexin
cephalosporins,cephalexin,00003220230,Cephalexin
cephalosporins,cephalexin,00003220240,Cephalexin
cephalosporins,cephalexin,00005322946,Cephalexin
cephalosporins,cephalexin,00005322960,Cephalexin
cephalosporins,cephalexin,00005323046,Cephalexin
cephalosporins,cephalexin,00005323060,Cephalexin
cephalosporins,cephalexin,00005333123,Cephalexin
cephalosporins,cephalexin,00005333223,Cephalexin
cephalosporins,cephalexin,00005341323,Cephalexin
cephalosporins,cephalexin,00005341423,Cephalexin
cephalosporins,cephalexin,00047054824,Cephalexin
cephalosporins,cephalexin,00047054924,Cephalexin
cephalosporins,cephalexin,00047093824,Cephalexin
cephalosporins,cephalexin,00047093830,Cephalexin
cephalosporins,cephalexin,00047093924,Cephalexin
cephalosporins,cephalexin,00047093930,Cephalexin
cephalosporins,cephalexin,00047237517,Cephalexin
cephalosporins,cephalexin,00047237520,Cephalexin
cephalosporins,cephalexin,00047237617,Cephalexin
cephalosporins,cephalexin,00047237620,Cephalexin
cephalosporins,cephalexin,00056019370,Cephalexin
cephalosporins,cephalexin,00056019385,Cephalexin
cephalosporins,cephalexin,00056019470,Cephalexin
cephalosporins,cephalexin,00056019485,Cephalexin
cephalosporins,cephalexin,00056020336,Cephalexin
cephalosporins,cephalexin,00056020339,Cephalexin
cephalosporins,cephalexin,00056020436,Cephalexin
cephalosporins,cephalexin,00056020439,Cephalexin
cephalosporins,cephalexin,00087737562,Cephalexin
cephalosporins,cephalexin,00087737662,Cephalexin
cephalosporins,cephalexin,00093053873,Cephalexin
cephalosporins,cephalexin,00093053874,Cephalexin
cephalosporins,cephalexin,00093054073,Cephalexin
cephalosporins,cephalexin,00093054074,Cephalexin
cephalosporins,cephalexin,00093054101,Cephalexin
cephalosporins,cephalexin,00093054105,Cephalexin
cephalosporins,cephalexin,00093054301,Cephalexin
cephalosporins,cephalexin,00093054305,Cephalexin
cephalosporins,cephalexin,00093223801,Cephalexin
cephalosporins,cephalexin,00093224001,Cephalexin
cephalosporins,cephalexin,00093314501,Cephalexin
cephalosporins,cephalexin,00093314505,Cephalexin
cephalosporins,cephalexin,00093314701,Cephalexin
cephalosporins,cephalexin,00093314705,Cephalexin
cephalosporins,cephalexin,00093417573,Cephalexin
cephalosporins,cephalexin,00093417574,Cephalexin
cephalosporins,cephalexin,00093417773,Cephalexin
cephalosporins,cephalexin,00093417774,Cephalexin
cephalosporins,cephalexin,00102367501,Cephalexin
cephalosporins,cephalexin,00102368001,Cephalexin
cephalosporins,cephalexin,00102369010,Cephalexin
cephalosporins,cephalexin,00102369020,Cephalexin
cephalosporins,cephalexin,00102369520,Cephalexin
cephalosporins,cephalexin,00102370010,Cephalexin
cephalosporins,cephalexin,00102370020,Cephalexin
cephalosporins,cephalexin,00102370520,Cephalexin
cephalosporins,cephalexin,00143989701,Cephalexin
cephalosporins,cephalexin,00143989705,Cephalexin
cephalosporins,cephalexin,00143989801,Cephalexin
cephalosporins,cephalexin,00143989805,Cephalexin
cephalosporins,cephalexin,00157077101,Cephalexin
cephalosporins,cephalexin,00157077201,Cephalexin
cephalosporins,cephalexin,00172407310,Cephalexin
cephalosporins,cephalexin,00172407343,Cephalexin
cephalosporins,cephalexin,00172407360,Cephalexin
cephalosporins,cephalexin,00172407370,Cephalexin
cephalosporins,cephalexin,00172407410,Cephalexin
cephalosporins,cephalexin,00172407443,Cephalexin
cephalosporins,cephalexin,00172407460,Cephalexin
cephalosporins,cephalexin,00172407470,Cephalexin
cephalosporins,cephalexin,00182127801,Cephalexin
cephalosporins,cephalexin,00182127805,Cephalexin
cephalosporins,cephalexin,00182127889,Cephalexin
cephalosporins,cephalexin,00182127901,Cephalexin
cephalosporins,cephalexin,00182127905,Cephalexin
cephalosporins,cephalexin,00182127989,Cephalexin
cephalosporins,cephalexin,00182188601,Cephalexin
cephalosporins,cephalexin,00182188701,Cephalexin
cephalosporins,cephalexin,00182702070,Cephalexin
cephalosporins,cephalexin,00182702073,Cephalexin
cephalosporins,cephalexin,00182702170,Cephalexin
cephalosporins,cephalexin,00182702173,Cephalexin
cephalosporins,cephalexin,00185097001,Cephalexin
cephalosporins,cephalexin,00185097005,Cephalexin
cephalosporins,cephalexin,00185097101,Cephalexin
cephalosporins,cephalexin,00185097105,Cephalexin
cephalosporins,cephalexin,00185097411,Cephalexin
cephalosporins,cephalexin,00185097522,Cephalexin
cephalosporins,cephalexin,00185097611,Cephalexin
cephalosporins,cephalexin,00185097722,Cephalexin
cephalosporins,cephalexin,00223058101,Cephalexin
cephalosporins,cephalexin,00223058105,Cephalexin
cephalosporins,cephalexin,00223058201,Cephalexin
cephalosporins,cephalexin,00223058205,Cephalexin
cephalosporins,cephalexin,00223058301,Cephalexin
cephalosporins,cephalexin,00223058305,Cephalexin
cephalosporins,cephalexin,00223058401,Cephalexin
cephalosporins,cephalexin,00223058405,Cephalexin
cephalosporins,cephalexin,00228240910,Cephalexin
cephalosporins,cephalexin,00228240950,Cephalexin
cephalosporins,cephalexin,00228241810,Cephalexin
cephalosporins,cephalexin,00228241850,Cephalexin
cephalosporins,cephalexin,00302054001,Cephalexin
cephalosporins,cephalexin,00302054005,Cephalexin
cephalosporins,cephalexin,00302054101,Cephalexin
cephalosporins,cephalexin,00302054105,Cephalexin
cephalosporins,cephalexin,00302054233,Cephalexin
cephalosporins,cephalexin,00302054239,Cephalexin
cephalosporins,cephalexin,00302054333,Cephalexin
cephalosporins,cephalexin,00304175501,Cephalexin
cephalosporins,cephalexin,00304175505,Cephalexin
cephalosporins,cephalexin,00304175601,Cephalexin
cephalosporins,cephalexin,00304175605,Cephalexin
cephalosporins,cephalexin,00304177963,Cephalexin
cephalosporins,cephalexin,00304177965,Cephalexin
cephalosporins,cephalexin,00304178063,Cephalexin
cephalosporins,cephalexin,00304178065,Cephalexin
cephalosporins,cephalexin,00304192201,Cephalexin
cephalosporins,cephalexin,00304192301,Cephalexin
cephalosporins,cephalexin,00316033310,Cephalexin
cephalosporins,cephalexin,00332314503,Cephalexin
cephalosporins,cephalexin,00332314703,Cephalexin
cephalosporins,cephalexin,00349865101,Cephalexin
cephalosporins,cephalexin,00349865105,Cephalexin
cephalosporins,cephalexin,00349865110,Cephalexin
cephalosporins,cephalexin,00349865201,Cephalexin
cephalosporins,cephalexin,00349865205,Cephalexin
cephalosporins,cephalexin,00349865210,Cephalexin
cephalosporins,cephalexin,00349865301,Cephalexin
cephalosporins,cephalexin,00349865302,Cephalexin
cephalosporins,cephalexin,00349865401,Cephalexin
cephalosporins,cephalexin,00349865402,Cephalexin
cephalosporins,cephalexin,00349880701,Cephalexin
cephalosporins,cephalexin,00349880801,Cephalexin
cephalosporins,cephalexin,00364216101,Cephalexin
cephalosporins,cephalexin,00364216105,Cephalexin
cephalosporins,cephalexin,00364216140,Cephalexin
cephalosporins,cephalexin,00364216201,Cephalexin
cephalosporins,cephalexin,00364216204,Cephalexin
cephalosporins,cephalexin,00364216240,Cephalexin
cephalosporins,cephalexin,00364216361,Cephalexin
cephalosporins,cephalexin,00364216363,Cephalexin
cephalosporins,cephalexin,00364216461,Cephalexin
cephalosporins,cephalexin,00364216463,Cephalexin
cephalosporins,cephalexin,00364229201,Cephalexin
cephalosporins,cephalexin,00364229301,Cephalexin
cephalosporins,cephalexin,00367240910,Cephalexin
cephalosporins,cephalexin,00367240950,Cephalexin
cephalosporins,cephalexin,00367241810,Cephalexin
cephalosporins,cephalexin,00367241850,Cephalexin
cephalosporins,cephalexin,00378602501,Cephalexin
cephalosporins,cephalexin,00378602505,Cephalexin
cephalosporins,cephalexin,00378603002,Cephalexin
cephalosporins,cephalexin,00378603004,Cephalexin
cephalosporins,cephalexin,00378603502,Cephalexin
cephalosporins,cephalexin,00378603504,Cephalexin
cephalosporins,cephalexin,00378605001,Cephalexin
cephalosporins,cephalexin,00378605005,Cephalexin
cephalosporins,cephalexin,00403115130,Cephalexin
cephalosporins,cephalexin,00403115214,Cephalexin
cephalosporins,cephalexin,00403115220,Cephalexin
cephalosporins,cephalexin,00403115228,Cephalexin
cephalosporins,cephalexin,00403115230,Cephalexin
cephalosporins,cephalexin,00403115240,Cephalexin
cephalosporins,cephalexin,00403115401,Cephalexin
cephalosporins,cephalexin,00403115410,Cephalexin
cephalosporins,cephalexin,00403115412,Cephalexin
cephalosporins,cephalexin,00403115414,Cephalexin
cephalosporins,cephalexin,00403115415,Cephalexin
cephalosporins,cephalexin,00403115420,Cephalexin
cephalosporins,cephalexin,00403115421,Cephalexin
cephalosporins,cephalexin,00403115428,Cephalexin
cephalosporins,cephalexin,00403115430,Cephalexin
cephalosporins,cephalexin,00403115440,Cephalexin
cephalosporins,cephalexin,00403115518,Cephalexin
cephalosporins,cephalexin,00403115618,Cephalexin
cephalosporins,cephalexin,00403115818,Cephalexin
cephalosporins,cephalexin,00403116820,Cephalexin
cephalosporins,cephalexin,00403246020,Cephalexin
cephalosporins,cephalexin,00405250060,Cephalexin
cephalosporins,cephalexin,00405250070,Cephalexin
cephalosporins,cephalexin,00405252560,Cephalexin
cephalosporins,cephalexin,00405252570,Cephalexin
cephalosporins,cephalexin,00405415201,Cephalexin
cephalosporins,cephalexin,00405415202,Cephalexin
cephalosporins,cephalexin,00405415301,Cephalexin
cephalosporins,cephalexin,00405415302,Cephalexin
cephalosporins,cephalexin,00440724328,Cephalexin
cephalosporins,cephalexin,00440724421,Cephalexin
cephalosporins,cephalexin,00485006115,Cephalexin
cephalosporins,cephalexin,00485006315,Cephalexin
cephalosporins,cephalexin,00536011682,Cephalexin
cephalosporins,cephalexin,00536011684,Cephalexin
cephalosporins,cephalexin,00536011882,Cephalexin
cephalosporins,cephalexin,00536011884,Cephalexin
cephalosporins,cephalexin,00536012001,Cephalexin
cephalosporins,cephalexin,00536012005,Cephalexin
cephalosporins,cephalexin,00536012034,Cephalexin
cephalosporins,cephalexin,00536013001,Cephalexin
cephalosporins,cephalexin,00536013005,Cephalexin
cephalosporins,cephalexin,00536013034,Cephalexin
cephalosporins,cephalexin,00555051402,Cephalexin
cephalosporins,cephalexin,00555051404,Cephalexin
cephalosporins,cephalexin,00555051502,Cephalexin
cephalosporins,cephalexin,00555051504,Cephalexin
cephalosporins,cephalexin,00555052522,Cephalexin
cephalosporins,cephalexin,00555052523,Cephalexin
cephalosporins,cephalexin,00555052622,Cephalexin
cephalosporins,cephalexin,00555052623,Cephalexin
cephalosporins,cephalexin,00555054502,Cephalexin
cephalosporins,cephalexin,00555054504,Cephalexin
cephalosporins,cephalexin,00555054602,Cephalexin
cephalosporins,cephalexin,00555054604,Cephalexin
cephalosporins,cephalexin,00580152001,Cephalexin
cephalosporins,cephalexin,00580152101,Cephalexin
cephalosporins,cephalexin,00580152230,Cephalexin
cephalosporins,cephalexin,00580152233,Cephalexin
cephalosporins,cephalexin,00580152330,Cephalexin
cephalosporins,cephalexin,00580152333,Cephalexin
cephalosporins,cephalexin,00591568001,Cephalexin
cephalosporins,cephalexin,00591568003,Cephalexin
cephalosporins,cephalexin,00591568101,Cephalexin
cephalosporins,cephalexin,00591568103,Cephalexin
cephalosporins,cephalexin,00591569001,Cephalexin
cephalosporins,cephalexin,00591569002,Cephalexin
cephalosporins,cephalexin,00591569101,Cephalexin
cephalosporins,cephalexin,00591569102,Cephalexin
cephalosporins,cephalexin,00603259521,Cephalexin
cephalosporins,cephalexin,00603259528,Cephalexin
cephalosporins,cephalexin,00603259621,Cephalexin
cephalosporins,cephalexin,00603259628,Cephalexin
cephalosporins,cephalexin,00603654164,Cephalexin
cephalosporins,cephalexin,00603654168,Cephalexin
cephalosporins,cephalexin,00603654264,Cephalexin
cephalosporins,cephalexin,00603654268,Cephalexin
cephalosporins,cephalexin,00615035313,Cephalexin
cephalosporins,cephalexin,00615035338,Cephalexin
cephalosporins,cephalexin,00615035413,Cephalexin
cephalosporins,cephalexin,00615035422,Cephalexin
cephalosporins,cephalexin,00659014710,Cephalexin
cephalosporins,cephalexin,00659014720,Cephalexin
cephalosporins,cephalexin,00659014840,Cephalexin
cephalosporins,cephalexin,00677115801,Cephalexin
cephalosporins,cephalexin,00677115805,Cephalexin
cephalosporins,cephalexin,00677115901,Cephalexin
cephalosporins,cephalexin,00677115905,Cephalexin
cephalosporins,cephalexin,00677118727,Cephalexin
cephalosporins,cephalexin,00677118729,Cephalexin
cephalosporins,cephalexin,00677118827,Cephalexin
cephalosporins,cephalexin,00677118829,Cephalexin
cephalosporins,cephalexin,00686060420,Cephalexin
cephalosporins,cephalexin,00686060520,Cephalexin
cephalosporins,cephalexin,00686314503,Cephalexin
cephalosporins,cephalexin,00686314509,Cephalexin
cephalosporins,cephalexin,00686314703,Cephalexin
cephalosporins,cephalexin,00686314709,Cephalexin
cephalosporins,cephalexin,00686314713,Cephalexin
cephalosporins,cephalexin,00686417532,Cephalexin
cephalosporins,cephalexin,00686417536,Cephalexin
cephalosporins,cephalexin,00686417732,Cephalexin
cephalosporins,cephalexin,00686417736,Cephalexin
cephalosporins,cephalexin,00719119810,Cephalexin
cephalosporins,cephalexin,00719119812,Cephalexin
cephalosporins,cephalexin,00719119910,Cephalexin
cephalosporins,cephalexin,00719119912,Cephalexin
cephalosporins,cephalexin,00719121110,Cephalexin
cephalosporins,cephalexin,00719121210,Cephalexin
cephalosporins,cephalexin,00719703376,Cephalexin
cephalosporins,cephalexin,00719703379,Cephalexin
cephalosporins,cephalexin,00719703476,Cephalexin
cephalosporins,cephalexin,00719703479,Cephalexin
cephalosporins,cephalexin,00777086902,Cephalexin
cephalosporins,cephalexin,00777086920,Cephalexin
cephalosporins,cephalexin,00777086933,Cephalexin
cephalosporins,cephalexin,00777087102,Cephalexin
cephalosporins,cephalexin,00777087120,Cephalexin
cephalosporins,cephalexin,00777087133,Cephalexin
cephalosporins,cephalexin,00777216024,Cephalexin
cephalosporins,cephalexin,00777216033,Cephalexin
cephalosporins,cephalexin,00777232133,Cephalexin
cephalosporins,cephalexin,00777232148,Cephalexin
cephalosporins,cephalexin,00777232189,Cephalexin
cephalosporins,cephalexin,00777232197,Cephalexin
cephalosporins,cephalexin,00777232237,Cephalexin
cephalosporins,cephalexin,00777236833,Cephalexin
cephalosporins,cephalexin,00777236848,Cephalexin
cephalosporins,cephalexin,00777236889,Cephalexin
cephalosporins,cephalexin,00777414202,Cephalexin Hydrochloride
cephalosporins,cephalexin,00777420202,Cephalexin
cephalosporins,cephalexin,00777420302,Cephalexin
cephalosporins,cephalexin,00781253101,Cephalexin
cephalosporins,cephalexin,00781253105,Cephalexin
cephalosporins,cephalexin,00781253113,Cephalexin
cephalosporins,cephalexin,00781253201,Cephalexin
cephalosporins,cephalexin,00781253205,Cephalexin
cephalosporins,cephalexin,00781253213,Cephalexin
cephalosporins,cephalexin,00781260401,Cephalexin
cephalosporins,cephalexin,00781260501,Cephalexin
cephalosporins,cephalexin,00781702846,Cephalexin
cephalosporins,cephalexin,00781702848,Cephalexin
cephalosporins,cephalexin,00781702946,Cephalexin
cephalosporins,cephalexin,00781702948,Cephalexin
cephalosporins,cephalexin,00814160514,Cephalexin
cephalosporins,cephalexin,00814160528,Cephalexin
cephalosporins,cephalexin,00814160614,Cephalexin
cephalosporins,cephalexin,00814160628,Cephalexin
cephalosporins,cephalexin,00839731106,Cephalexin
cephalosporins,cephalexin,00839731112,Cephalexin
cephalosporins,cephalexin,00839731122,Cephalexin
cephalosporins,cephalexin,00839731206,Cephalexin
cephalosporins,cephalexin,00839731212,Cephalexin
cephalosporins,cephalexin,00839731222,Cephalexin
cephalosporins,cephalexin,00839731373,Cephalexin
cephalosporins,cephalexin,00839731378,Cephalexin
cephalosporins,cephalexin,00839731473,Cephalexin
cephalosporins,cephalexin,00839731478,Cephalexin
cephalosporins,cephalexin,00839746106,Cephalexin
cephalosporins,cephalexin,00839746206,Cephalexin
cephalosporins,cephalexin,00904379560,Cephalexin
cephalosporins,cephalexin,00904379660,Cephalexin
cephalosporins,cephalexin,00904379724,Cephalexin
cephalosporins,cephalexin,00904380040,Cephalexin
cephalosporins,cephalexin,00904380060,Cephalexin
cephalosporins,cephalexin,00904380061,Cephalexin
cephalosporins,cephalexin,00904380139,Cephalexin
cephalosporins,cephalexin,00904380140,Cephalexin
cephalosporins,cephalexin,00904380160,Cephalexin
cephalosporins,cephalexin,00904380161,Cephalexin
cephalosporins,cephalexin,00904380204,Cephalexin
cephalosporins,cephalexin,00904380208,Cephalexin
cephalosporins,cephalexin,00904380304,Cephalexin
cephalosporins,cephalexin,00904380308,Cephalexin
cephalosporins,cephalexin,00904382061,Cephalexin
cephalosporins,cephalexin,00904382160,Cephalexin
cephalosporins,cephalexin,10544000414,Cephalexin
cephalosporins,cephalexin,10544000420,Cephalexin
cephalosporins,cephalexin,10544000428,Cephalexin
cephalosporins,cephalexin,10544000430,Cephalexin
cephalosporins,cephalexin,10544001328,Cephalexin
cephalosporins,cephalexin,10544001340,Cephalexin
cephalosporins,cephalexin,10544002010,Cephalexin
cephalosporins,cephalexin,10544002130,Cephalexin
cephalosporins,cephalexin,10544002510,Cephalexin
cephalosporins,cephalexin,10544002514,Cephalexin
cephalosporins,cephalexin,10544002528,Cephalexin
cephalosporins,cephalexin,10544002530,Cephalexin
cephalosporins,cephalexin,10544002540,Cephalexin
cephalosporins,cephalexin,10544005714,Cephalexin
cephalosporins,cephalexin,10544005720,Cephalexin
cephalosporins,cephalexin,10544005721,Cephalexin
cephalosporins,cephalexin,10544005728,Cephalexin
cephalosporins,cephalexin,10544005730,Cephalexin
cephalosporins,cephalexin,10544005740,Cephalexin
cephalosporins,cephalexin,10544005760,Cephalexin
cephalosporins,cephalexin,10544008210,Cephalexin
cephalosporins,cephalexin,10544008214,Cephalexin
cephalosporins,cephalexin,10544008220,Cephalexin
cephalosporins,cephalexin,10544008221,Cephalexin
cephalosporins,cephalexin,10544008228,Cephalexin
cephalosporins,cephalexin,10544008230,Cephalexin
cephalosporins,cephalexin,10544008240,Cephalexin
cephalosporins,cephalexin,10544014230,Cephalexin
cephalosporins,cephalexin,10544030610,Cephalexin
cephalosporins,cephalexin,10544030628,Cephalexin
cephalosporins,cephalexin,10544036528,Cephalexin
cephalosporins,cephalexin,10544050314,Cephalexin
cephalosporins,cephalexin,10544050317,Cephalexin
cephalosporins,cephalexin,10544050320,Cephalexin
cephalosporins,cephalexin,10544050330,Cephalexin
cephalosporins,cephalexin,10544050340,Cephalexin
cephalosporins,cephalexin,10544050373,Cephalexin
cephalosporins,cephalexin,10544052940,Cephalexin
cephalosporins,cephalexin,10544061714,Cephalexin
cephalosporins,cephalexin,10544061720,Cephalexin
cephalosporins,cephalexin,10544061728,Cephalexin
cephalosporins,cephalexin,10544061730,Cephalexin
cephalosporins,cephalexin,10544061740,Cephalexin
cephalosporins,cephalexin,10544086830,Cephalexin
cephalosporins,cephalexin,10544086840,Cephalexin
cephalosporins,cephalexin,10544094510,Cephalexin
cephalosporins,cephalexin,10544094512,Cephalexin
cephalosporins,cephalexin,10544094514,Cephalexin
cephalosporins,cephalexin,10544094520,Cephalexin
cephalosporins,cephalexin,10544094521,Cephalexin
cephalosporins,cephalexin,10544094528,Cephalexin
cephalosporins,cephalexin,10544094530,Cephalexin
cephalosporins,cephalexin,10544094540,Cephalexin
cephalosporins,cephalexin,10544094560,Cephalexin
cephalosporins,cephalexin,10544094608,Cephalexin
cephalosporins,cephalexin,10544094621,Cephalexin
cephalosporins,cephalexin,10544094628,Cephalexin
cephalosporins,cephalexin,10544094630,Cephalexin
cephalosporins,cephalexin,10544094640,Cephalexin
cephalosporins,cephalexin,10631057301,Cephalexin
cephalosporins,cephalexin,10631057340,Cephalexin
cephalosporins,cephalexin,10631057401,Cephalexin
cephalosporins,cephalexin,10631057440,Cephalexin
cephalosporins,cephalexin,11042011098,Cephalexin
cephalosporins,cephalexin,11042011099,Cephalexin
cephalosporins,cephalexin,11042011198,Cephalexin
cephalosporins,cephalexin,11042011199,Cephalexin
cephalosporins,cephalexin,11042011296,Cephalexin
cephalosporins,cephalexin,11042011297,Cephalexin
cephalosporins,cephalexin,11042011396,Cephalexin
cephalosporins,cephalexin,11042011397,Cephalexin
cephalosporins,cephalexin,11042011540,Cephalexin
cephalosporins,cephalexin,11584103405,Cephalexin
cephalosporins,cephalexin,11584103501,Cephalexin
cephalosporins,cephalexin,11584103602,Cephalexin
cephalosporins,cephalexin,11845015701,Cephalexin
cephalosporins,cephalexin,11845015703,Cephalexin
cephalosporins,cephalexin,11845015801,Cephalexin
cephalosporins,cephalexin,11845015803,Cephalexin
cephalosporins,cephalexin,12280008710,Cephalexin
cephalosporins,cephalexin,12280008720,Cephalexin
cephalosporins,cephalexin,12280009010,Cephalexin
cephalosporins,cephalexin,12280009020,Cephalexin
cephalosporins,cephalexin,12634043371,Cephalexin
cephalosporins,cephalexin,12634043440,Cephalexin
cephalosporins,cephalexin,12634043471,Cephalexin
cephalosporins,cephalexin,12634043480,Cephalexin
cephalosporins,cephalexin,16590004932,Cephalexin
cephalosporins,cephalexin,16590004936,Cephalexin
cephalosporins,cephalexin,16590005020,Cephalexin
cephalosporins,cephalexin,16590005021,Cephalexin
cephalosporins,cephalexin,16590005028,Cephalexin
cephalosporins,cephalexin,16590005030,Cephalexin
cephalosporins,cephalexin,16590005040,Cephalexin
cephalosporins,cephalexin,16590005056,Cephalexin
cephalosporins,cephalexin,16590005060,Cephalexin
cephalosporins,cephalexin,16590005090,Cephalexin
cephalosporins,cephalexin,16590005104,Cephalexin
cephalosporins,cephalexin,16590005106,Cephalexin
cephalosporins,cephalexin,16590005108,Cephalexin
cephalosporins,cephalexin,16590005110,Cephalexin
cephalosporins,cephalexin,16590005112,Cephalexin
cephalosporins,cephalexin,16590005114,Cephalexin
cephalosporins,cephalexin,16590005115,Cephalexin
cephalosporins,cephalexin,16590005116,Cephalexin
cephalosporins,cephalexin,16590005120,Cephalexin
cephalosporins,cephalexin,16590005121,Cephalexin
cephalosporins,cephalexin,16590005128,Cephalexin
cephalosporins,cephalexin,16590005130,Cephalexin
cephalosporins,cephalexin,16590005140,Cephalexin
cephalosporins,cephalexin,16590005156,Cephalexin
cephalosporins,cephalexin,16590005160,Cephalexin
cephalosporins,cephalexin,16590005172,Cephalexin
cephalosporins,cephalexin,16590046632,Cephalexin
cephalosporins,cephalexin,16590055330,Cephalexin
cephalosporins,cephalexin,16590055360,Cephalexin
cephalosporins,cephalexin,16590055390,Cephalexin
cephalosporins,cephalexin,16714064102,Cephalexin
cephalosporins,cephalexin,16714064103,Cephalexin
cephalosporins,cephalexin,16714064202,Cephalexin
cephalosporins,cephalexin,16714064203,Cephalexin
cephalosporins,cephalexin,17236058601,Cephalexin
cephalosporins,cephalexin,17236058605,Cephalexin
cephalosporins,cephalexin,17236058699,Cephalexin
cephalosporins,cephalexin,17236058701,Cephalexin
cephalosporins,cephalexin,17236058705,Cephalexin
cephalosporins,cephalexin,17236058799,Cephalexin
cephalosporins,cephalexin,17236089201,Cephalexin
cephalosporins,cephalexin,17236089301,Cephalexin
cephalosporins,cephalexin,17236098002,Cephalexin
cephalosporins,cephalexin,17236098101,Cephalexin
cephalosporins,cephalexin,17236098102,Cephalexin
cephalosporins,cephalexin,18837019514,Cephalexin
cephalosporins,cephalexin,18837019520,Cephalexin
cephalosporins,cephalexin,18837019528,Cephalexin
cephalosporins,cephalexin,18837019530,Cephalexin
cephalosporins,cephalexin,18837019540,Cephalexin
cephalosporins,cephalexin,21695031620,Cephalexin
cephalosporins,cephalexin,21695031628,Cephalexin
cephalosporins,cephalexin,21695031630,Cephalexin
cephalosporins,cephalexin,21695031640,Cephalexin
cephalosporins,cephalexin,21695031706,Cephalexin
cephalosporins,cephalexin,21695031708,Cephalexin
cephalosporins,cephalexin,21695031710,Cephalexin
cephalosporins,cephalexin,21695031712,Cephalexin
cephalosporins,cephalexin,21695031714,Cephalexin
cephalosporins,cephalexin,21695031720,Cephalexin
cephalosporins,cephalexin,21695031721,Cephalexin
cephalosporins,cephalexin,21695031728,Cephalexin
cephalosporins,cephalexin,21695031730,Cephalexin
cephalosporins,cephalexin,21695031740,Cephalexin
cephalosporins,cephalexin,21695031760,Cephalexin
cephalosporins,cephalexin,21695055100,Cephalexin
cephalosporins,cephalexin,21695055120,Cephalexin
cephalosporins,cephalexin,21695078900,Cephalexin
cephalosporins,cephalexin,21695078910,Cephalexin
cephalosporins,cephalexin,21695078920,Cephalexin
cephalosporins,cephalexin,23490028304,Cephalexin
cephalosporins,cephalexin,23490028504,Cephalexin
cephalosporins,cephalexin,23490524600,Cephalexin Hydrochloride
cephalosporins,cephalexin,23490524801,Cephalexin
cephalosporins,cephalexin,23490524802,Cephalexin
cephalosporins,cephalexin,23490524803,Cephalexin
cephalosporins,cephalexin,23490524804,Cephalexin
cephalosporins,cephalexin,23490524805,Cephalexin
cephalosporins,cephalexin,23490524806,Cephalexin
cephalosporins,cephalexin,23490524807,Cephalexin
cephalosporins,cephalexin,23490524808,Cephalexin
cephalosporins,cephalexin,23490524901,Cephalexin
cephalosporins,cephalexin,23490524902,Cephalexin
cephalosporins,cephalexin,23490525001,Cephalexin
cephalosporins,cephalexin,23490525002,Cephalexin
cephalosporins,cephalexin,23490525100,Cephalexin
cephalosporins,cephalexin,23490525101,Cephalexin
cephalosporins,cephalexin,23490525102,Cephalexin
cephalosporins,cephalexin,23490525103,Cephalexin
cephalosporins,cephalexin,23490525104,Cephalexin
cephalosporins,cephalexin,23490525105,Cephalexin
cephalosporins,cephalexin,23490525106,Cephalexin
cephalosporins,cephalexin,23490525107,Cephalexin
cephalosporins,cephalexin,23490525108,Cephalexin
cephalosporins,cephalexin,23490525109,Cephalexin
cephalosporins,cephalexin,23490784301,Cephalexin
cephalosporins,cephalexin,23490784302,Cephalexin
cephalosporins,cephalexin,23490784307,Cephalexin
cephalosporins,cephalexin,33261002007,Cephalexin
cephalosporins,cephalexin,33261002008,Cephalexin
cephalosporins,cephalexin,33261002010,Cephalexin
cephalosporins,cephalexin,33261002014,Cephalexin
cephalosporins,cephalexin,33261002020,Cephalexin
cephalosporins,cephalexin,33261002021,Cephalexin
cephalosporins,cephalexin,33261002028,Cephalexin
cephalosporins,cephalexin,33261002030,Cephalexin
cephalosporins,cephalexin,33261002040,Cephalexin
cephalosporins,cephalexin,33261002042,Cephalexin
cephalosporins,cephalexin,33261002048,Cephalexin
cephalosporins,cephalexin,33261002060,Cephalexin
cephalosporins,cephalexin,33261014907,Cephalexin
cephalosporins,cephalexin,33261014914,Cephalexin
cephalosporins,cephalexin,33261014920,Cephalexin
cephalosporins,cephalexin,33261014921,Cephalexin
cephalosporins,cephalexin,33261014928,Cephalexin
cephalosporins,cephalexin,33261014930,Cephalexin
cephalosporins,cephalexin,33261014940,Cephalexin
cephalosporins,cephalexin,33261014960,Cephalexin
cephalosporins,cephalexin,33261048501,Cephalexin
cephalosporins,cephalexin,33261048901,Cephalexin
cephalosporins,cephalexin,33261074401,Cephalexin
cephalosporins,cephalexin,33358007115,Cephalexin
cephalosporins,cephalexin,33358007120,Cephalexin
cephalosporins,cephalexin,33358007128,Cephalexin
cephalosporins,cephalexin,33358007140,Cephalexin
cephalosporins,cephalexin,33358007160,Cephalexin
cephalosporins,cephalexin,33358007214,Cephalexin
cephalosporins,cephalexin,33358007215,Cephalexin
cephalosporins,cephalexin,33358007220,Cephalexin
cephalosporins,cephalexin,33358007221,Cephalexin
cephalosporins,cephalexin,33358007228,Cephalexin
cephalosporins,cephalexin,33358007230,Cephalexin
cephalosporins,cephalexin,33358007240,Cephalexin
cephalosporins,cephalexin,33358007260,Cephalexin
cephalosporins,cephalexin,35356014530,Cephalexin
cephalosporins,cephalexin,35356097810,Cephalexin
cephalosporins,cephalexin,35356097812,Cephalexin
cephalosporins,cephalexin,35356097814,Cephalexin
cephalosporins,cephalexin,35356097815,Cephalexin
cephalosporins,cephalexin,35356097820,Cephalexin
cephalosporins,cephalexin,35356097821,Cephalexin
cephalosporins,cephalexin,35356097828,Cephalexin
cephalosporins,cephalexin,35356097830,Cephalexin
cephalosporins,cephalexin,35356097840,Cephalexin
cephalosporins,cephalexin,35356097865,Cephalexin
cephalosporins,cephalexin,35356097875,Cephalexin
cephalosporins,cephalexin,35356098010,Cephalexin
cephalosporins,cephalexin,35356098012,Cephalexin
cephalosporins,cephalexin,35356098014,Cephalexin
cephalosporins,cephalexin,35356098015,Cephalexin
cephalosporins,cephalexin,35356098020,Cephalexin
cephalosporins,cephalexin,35356098021,Cephalexin
cephalosporins,cephalexin,35356098028,Cephalexin
cephalosporins,cephalexin,35356098030,Cephalexin
cephalosporins,cephalexin,35356098040,Cephalexin
cephalosporins,cephalexin,35470058301,Cephalexin
cephalosporins,cephalexin,35470058305,Cephalexin
cephalosporins,cephalexin,35470058401,Cephalexin
cephalosporins,cephalexin,35470058405,Cephalexin
cephalosporins,cephalexin,35470416002,Cephalexin
cephalosporins,cephalexin,35470416006,Cephalexin
cephalosporins,cephalexin,35470416102,Cephalexin
cephalosporins,cephalexin,35470416106,Cephalexin
cephalosporins,cephalexin,38779034304,Cephalexin
cephalosporins,cephalexin,38779034305,Cephalexin
cephalosporins,cephalexin,38779034308,Cephalexin
cephalosporins,cephalexin,38779034410,Cephalexin
cephalosporins,cephalexin,38779034425,Cephalexin
cephalosporins,cephalexin,38779034450,Cephalexin
cephalosporins,cephalexin,41764011120,Cephalexin
cephalosporins,cephalexin,41764011124,Cephalexin
cephalosporins,cephalexin,41764011128,Cephalexin
cephalosporins,cephalexin,41764011130,Cephalexin
cephalosporins,cephalexin,41764011140,Cephalexin
cephalosporins,cephalexin,41764011150,Cephalexin
cephalosporins,cephalexin,41764011214,Cephalexin
cephalosporins,cephalexin,41764011220,Cephalexin
cephalosporins,cephalexin,41764011228,Cephalexin
cephalosporins,cephalexin,41764011230,Cephalexin
cephalosporins,cephalexin,41764011240,Cephalexin
cephalosporins,cephalexin,41764011250,Cephalexin
cephalosporins,cephalexin,41764015510,Cephalexin
cephalosporins,cephalexin,41764015520,Cephalexin
cephalosporins,cephalexin,41764016610,Cephalexin
cephalosporins,cephalexin,41764016620,Cephalexin
cephalosporins,cephalexin,42043014001,Cephalexin
cephalosporins,cephalexin,42043014005,Cephalexin
cephalosporins,cephalexin,42043014101,Cephalexin
cephalosporins,cephalexin,42043014105,Cephalexin
cephalosporins,cephalexin,42043014238,Cephalexin
cephalosporins,cephalexin,42043014258,Cephalexin
cephalosporins,cephalexin,42043014338,Cephalexin
cephalosporins,cephalexin,42043014358,Cephalexin
cephalosporins,cephalexin,42254008006,Cephalexin
cephalosporins,cephalexin,42254008012,Cephalexin
cephalosporins,cephalexin,42254008014,Cephalexin
cephalosporins,cephalexin,42254008020,Cephalexin
cephalosporins,cephalexin,42254008021,Cephalexin
cephalosporins,cephalexin,42254008028,Cephalexin
cephalosporins,cephalexin,42254008030,Cephalexin
cephalosporins,cephalexin,42254008040,Cephalexin
cephalosporins,cephalexin,42254019730,Cephalexin
cephalosporins,cephalexin,42254021710,Cephalexin
cephalosporins,cephalexin,42254021720,Cephalexin
cephalosporins,cephalexin,42254033810,Cephalexin
cephalosporins,cephalexin,42291020850,Cephalexin
cephalosporins,cephalexin,42291020950,Cephalexin
cephalosporins,cephalexin,42549030628,Cephalexin
cephalosporins,cephalexin,42549050610,Cephalexin
cephalosporins,cephalexin,42549050628,Cephalexin
cephalosporins,cephalexin,42549056504,Cephalexin
cephalosporins,cephalexin,42549056510,Cephalexin
cephalosporins,cephalexin,42549056528,Cephalexin
cephalosporins,cephalexin,42549056530,Cephalexin
cephalosporins,cephalexin,42549056540,Cephalexin
cephalosporins,cephalexin,42549062410,Cephalexin
cephalosporins,cephalexin,42549073832,Cephalexin
cephalosporins,cephalexin,43063001604,Cephalexin
cephalosporins,cephalexin,43063001606,Cephalexin
cephalosporins,cephalexin,43063001609,Cephalexin
cephalosporins,cephalexin,43063001610,Cephalexin
cephalosporins,cephalexin,43063001615,Cephalexin
cephalosporins,cephalexin,43063001620,Cephalexin
cephalosporins,cephalexin,43063001624,Cephalexin
cephalosporins,cephalexin,43063001628,Cephalexin
cephalosporins,cephalexin,43063001630,Cephalexin
cephalosporins,cephalexin,43063001640,Cephalexin
cephalosporins,cephalexin,43063004704,Cephalexin
cephalosporins,cephalexin,43063004706,Cephalexin
cephalosporins,cephalexin,43063004708,Cephalexin
cephalosporins,cephalexin,43063004709,Cephalexin
cephalosporins,cephalexin,43063004710,Cephalexin
cephalosporins,cephalexin,43063004714,Cephalexin
cephalosporins,cephalexin,43063004720,Cephalexin
cephalosporins,cephalexin,43063004721,Cephalexin
cephalosporins,cephalexin,43063004724,Cephalexin
cephalosporins,cephalexin,43063004728,Cephalexin
cephalosporins,cephalexin,43063004730,Cephalexin
cephalosporins,cephalexin,43063004740,Cephalexin
cephalosporins,cephalexin,43063004756,Cephalexin
cephalosporins,cephalexin,43063036220,Cephalexin
cephalosporins,cephalexin,43063036221,Cephalexin
cephalosporins,cephalexin,43063036228,Cephalexin
cephalosporins,cephalexin,43063036230,Cephalexin
cephalosporins,cephalexin,43063036240,Cephalexin
cephalosporins,cephalexin,43063049704,Cephalexin
cephalosporins,cephalexin,43063049706,Cephalexin
cephalosporins,cephalexin,43063049708,Cephalexin
cephalosporins,cephalexin,43063049709,Cephalexin
cephalosporins,cephalexin,43063049710,Cephalexin
cephalosporins,cephalexin,43063049715,Cephalexin
cephalosporins,cephalexin,43063049720,Cephalexin
cephalosporins,cephalexin,43063049728,Cephalexin
cephalosporins,cephalexin,43063049730,Cephalexin
cephalosporins,cephalexin,43063049740,Cephalexin
cephalosporins,cephalexin,43063053604,Cephalexin
cephalosporins,cephalexin,43063053606,Cephalexin
cephalosporins,cephalexin,43063053608,Cephalexin
cephalosporins,cephalexin,43063053609,Cephalexin
cephalosporins,cephalexin,43063053610,Cephalexin
cephalosporins,cephalexin,43063053614,Cephalexin
cephalosporins,cephalexin,43063053620,Cephalexin
cephalosporins,cephalexin,43063053621,Cephalexin
cephalosporins,cephalexin,43063053628,Cephalexin
cephalosporins,cephalexin,43063053630,Cephalexin
cephalosporins,cephalexin,43063053640,Cephalexin
cephalosporins,cephalexin,43063053656,Cephalexin
cephalosporins,cephalexin,43797016103,Cephalexin
cephalosporins,cephalexin,43797016105,Cephalexin
cephalosporins,cephalexin,43797016203,Cephalexin
cephalosporins,cephalexin,43797016205,Cephalexin
cephalosporins,cephalexin,43797016323,Cephalexin
cephalosporins,cephalexin,43797016324,Cephalexin
cephalosporins,cephalexin,43797016423,Cephalexin
cephalosporins,cephalexin,43797016424,Cephalexin
cephalosporins,cephalexin,45865042830,Cephalexin
cephalosporins,cephalexin,45865042851,Cephalexin
cephalosporins,cephalexin,45865042860,Cephalexin
cephalosporins,cephalexin,45865042890,Cephalexin
cephalosporins,cephalexin,47202136901,Cephalexin
cephalosporins,cephalexin,47202136902,Cephalexin
cephalosporins,cephalexin,47202137001,Cephalexin
cephalosporins,cephalexin,47202137002,Cephalexin
cephalosporins,cephalexin,47202279601,Cephalexin
cephalosporins,cephalexin,47202279602,Cephalexin
cephalosporins,cephalexin,47202279701,Cephalexin
cephalosporins,cephalexin,47202279702,Cephalexin
cephalosporins,cephalexin,47463006514,Cephalexin
cephalosporins,cephalexin,47463006520,Cephalexin
cephalosporins,cephalexin,47463006528,Cephalexin
cephalosporins,cephalexin,47463006530,Cephalexin
cephalosporins,cephalexin,47463006540,Cephalexin
cephalosporins,cephalexin,47463006628,Cephalexin
cephalosporins,cephalexin,47463006630,Cephalexin
cephalosporins,cephalexin,47679073101,Cephalexin
cephalosporins,cephalexin,47679073135,Cephalexin
cephalosporins,cephalexin,47679073201,Cephalexin
cephalosporins,cephalexin,47679073235,Cephalexin
cephalosporins,cephalexin,48102002150,Cephalexin
cephalosporins,cephalexin,49884013001,Cephalexin
cephalosporins,cephalexin,49884013005,Cephalexin
cephalosporins,cephalexin,49884013101,Cephalexin
cephalosporins,cephalexin,49884013105,Cephalexin
cephalosporins,cephalexin,49884027501,Cephalexin
cephalosporins,cephalexin,49884027601,Cephalexin
cephalosporins,cephalexin,49884041447,Cephalexin
cephalosporins,cephalexin,49884041470,Cephalexin
cephalosporins,cephalexin,49884041547,Cephalexin
cephalosporins,cephalexin,49884041570,Cephalexin
cephalosporins,cephalexin,49999000700,Cephalexin
cephalosporins,cephalexin,49999000710,Cephalexin
cephalosporins,cephalexin,49999000712,Cephalexin
cephalosporins,cephalexin,49999000714,Cephalexin
cephalosporins,cephalexin,49999000715,Cephalexin
cephalosporins,cephalexin,49999000720,Cephalexin
cephalosporins,cephalexin,49999000721,Cephalexin
cephalosporins,cephalexin,49999000728,Cephalexin
cephalosporins,cephalexin,49999000730,Cephalexin
cephalosporins,cephalexin,49999000740,Cephalexin
cephalosporins,cephalexin,49999000760,Cephalexin
cephalosporins,cephalexin,49999000790,Cephalexin
cephalosporins,cephalexin,49999004104,Cephalexin
cephalosporins,cephalexin,49999004110,Cephalexin
cephalosporins,cephalexin,49999004120,Cephalexin
cephalosporins,cephalexin,49999004128,Cephalexin
cephalosporins,cephalexin,49999004130,Cephalexin
cephalosporins,cephalexin,49999004140,Cephalexin
cephalosporins,cephalexin,49999026100,Cephalexin
cephalosporins,cephalexin,49999026120,Cephalexin
cephalosporins,cephalexin,49999071300,Cephalexin
cephalosporins,cephalexin,49999071302,Cephalexin
cephalosporins,cephalexin,50268015111,Cephalexin
cephalosporins,cephalexin,50268015115,Cephalexin
cephalosporins,cephalexin,50268015211,Cephalexin
cephalosporins,cephalexin,50268015215,Cephalexin
cephalosporins,cephalexin,50436011701,Cephalexin
cephalosporins,cephalexin,50436011702,Cephalexin
cephalosporins,cephalexin,50436011703,Cephalexin
cephalosporins,cephalexin,50436011704,Cephalexin
cephalosporins,cephalexin,50436011705,Cephalexin
cephalosporins,cephalexin,50436011708,Cephalexin
cephalosporins,cephalexin,50436102001,Cephalexin
cephalosporins,cephalexin,50436102002,Cephalexin
cephalosporins,cephalexin,50436102004,Cephalexin
cephalosporins,cephalexin,50436102005,Cephalexin
cephalosporins,cephalexin,50436221001,Cephalexin
cephalosporins,cephalexin,50436221002,Cephalexin
cephalosporins,cephalexin,50436221004,Cephalexin
cephalosporins,cephalexin,50436221005,Cephalexin
cephalosporins,cephalexin,50564046901,Cephalexin
cephalosporins,cephalexin,50564046905,Cephalexin
cephalosporins,cephalexin,50564047001,Cephalexin
cephalosporins,cephalexin,50564047005,Cephalexin
cephalosporins,cephalexin,50930010804,Cephalexin
cephalosporins,cephalexin,51079060401,Cephalexin
cephalosporins,cephalexin,51079060420,Cephalexin
cephalosporins,cephalexin,51079060498,Cephalexin
cephalosporins,cephalexin,51079060501,Cephalexin
cephalosporins,cephalexin,51079060520,Cephalexin
cephalosporins,cephalexin,51079060598,Cephalexin
cephalosporins,cephalexin,51285084202,Cephalexin
cephalosporins,cephalexin,51285084204,Cephalexin
cephalosporins,cephalexin,51285084205,Cephalexin
cephalosporins,cephalexin,51285084302,Cephalexin
cephalosporins,cephalexin,51285084304,Cephalexin
cephalosporins,cephalexin,51285084305,Cephalexin
cephalosporins,cephalexin,51285084350,Cephalexin
cephalosporins,cephalexin,51309074491,Cephalexin
cephalosporins,cephalexin,51309074591,Cephalexin
cephalosporins,cephalexin,51432005103,Cephalexin
cephalosporins,cephalexin,51432005105,Cephalexin
cephalosporins,cephalexin,51432005303,Cephalexin
cephalosporins,cephalexin,51432005305,Cephalexin
cephalosporins,cephalexin,51432012103,Cephalexin
cephalosporins,cephalexin,51432012903,Cephalexin
cephalosporins,cephalexin,51432053914,Cephalexin
cephalosporins,cephalexin,51432053916,Cephalexin
cephalosporins,cephalexin,51432054314,Cephalexin
cephalosporins,cephalexin,51432054316,Cephalexin
cephalosporins,cephalexin,51479003401,Cephalexin Hydrochloride
cephalosporins,cephalexin,51655002424,Cephalexin
cephalosporins,cephalexin,51655002429,Cephalexin
cephalosporins,cephalexin,51655002451,Cephalexin
cephalosporins,cephalexin,51655002487,Cephalexin
cephalosporins,cephalexin,51655002520,Cephalexin
cephalosporins,cephalexin,51655002524,Cephalexin
cephalosporins,cephalexin,51655002529,Cephalexin
cephalosporins,cephalexin,51655002551,Cephalexin
cephalosporins,cephalexin,51655002552,Cephalexin
cephalosporins,cephalexin,51655002553,Cephalexin
cephalosporins,cephalexin,51655002584,Cephalexin
cephalosporins,cephalexin,51655002652,Cephalexin
cephalosporins,cephalexin,51655002684,Cephalexin
cephalosporins,cephalexin,51655002820,Cephalexin
cephalosporins,cephalexin,51655002852,Cephalexin
cephalosporins,cephalexin,51655012504,Cephalexin
cephalosporins,cephalexin,51655012529,Cephalexin
cephalosporins,cephalexin,51655072020,Cephalexin
cephalosporins,cephalexin,51655072029,Cephalexin
cephalosporins,cephalexin,51655072051,Cephalexin
cephalosporins,cephalexin,51655072052,Cephalexin
cephalosporins,cephalexin,52555008601,Cephalexin
cephalosporins,cephalexin,52555008604,Cephalexin
cephalosporins,cephalexin,52555008701,Cephalexin
cephalosporins,cephalexin,52555008704,Cephalexin
cephalosporins,cephalexin,52555097001,Cephalexin
cephalosporins,cephalexin,52555097005,Cephalexin
cephalosporins,cephalexin,52555097101,Cephalexin
cephalosporins,cephalexin,52555097102,Cephalexin
cephalosporins,cephalexin,52555097105,Cephalexin
cephalosporins,cephalexin,52959003001,Cephalexin
cephalosporins,cephalexin,52959003008,Cephalexin
cephalosporins,cephalexin,52959003012,Cephalexin
cephalosporins,cephalexin,52959003020,Cephalexin
cephalosporins,cephalexin,52959003024,Cephalexin
cephalosporins,cephalexin,52959003028,Cephalexin
cephalosporins,cephalexin,52959003030,Cephalexin
cephalosporins,cephalexin,52959003040,Cephalexin
cephalosporins,cephalexin,52959003056,Cephalexin
cephalosporins,cephalexin,52959003100,Cephalexin
cephalosporins,cephalexin,52959003102,Cephalexin
cephalosporins,cephalexin,52959003104,Cephalexin
cephalosporins,cephalexin,52959003106,Cephalexin
cephalosporins,cephalexin,52959003108,Cephalexin
cephalosporins,cephalexin,52959003110,Cephalexin
cephalosporins,cephalexin,52959003112,Cephalexin
cephalosporins,cephalexin,52959003114,Cephalexin
cephalosporins,cephalexin,52959003115,Cephalexin
cephalosporins,cephalexin,52959003120,Cephalexin
cephalosporins,cephalexin,52959003121,Cephalexin
cephalosporins,cephalexin,52959003124,Cephalexin
cephalosporins,cephalexin,52959003128,Cephalexin
cephalosporins,cephalexin,52959003130,Cephalexin
cephalosporins,cephalexin,52959003140,Cephalexin
cephalosporins,cephalexin,52959003156,Cephalexin
cephalosporins,cephalexin,52959003160,Cephalexin
cephalosporins,cephalexin,52959008620,Cephalexin Hydrochloride
cephalosporins,cephalexin,52959008720,Cephalexin
cephalosporins,cephalexin,52959008740,Cephalexin
cephalosporins,cephalexin,52959020001,Cephalexin
cephalosporins,cephalexin,52959020002,Cephalexin
cephalosporins,cephalexin,52959062000,Cephalexin
cephalosporins,cephalexin,52959062001,Cephalexin
cephalosporins,cephalexin,52959066020,Cephalexin
cephalosporins,cephalexin,52959066030,Cephalexin
cephalosporins,cephalexin,52959102900,Cephalexin
cephalosporins,cephalexin,52959102901,Cephalexin
cephalosporins,cephalexin,52959145301,Cephalexin
cephalosporins,cephalexin,52959145302,Cephalexin
cephalosporins,cephalexin,53217020710,Cephalexin
cephalosporins,cephalexin,53217020720,Cephalexin
cephalosporins,cephalexin,53217020730,Cephalexin
cephalosporins,cephalexin,53217020740,Cephalexin
cephalosporins,cephalexin,53217029940,Cephalexin
cephalosporins,cephalexin,53445127801,Cephalexin
cephalosporins,cephalexin,53445127901,Cephalexin
cephalosporins,cephalexin,53506036408,Cephalexin
cephalosporins,cephalexin,53506036420,Cephalexin
cephalosporins,cephalexin,53506036428,Cephalexin
cephalosporins,cephalexin,53506036440,Cephalexin
cephalosporins,cephalexin,53506036504,Cephalexin
cephalosporins,cephalexin,53506036510,Cephalexin
cephalosporins,cephalexin,53506036514,Cephalexin
cephalosporins,cephalexin,53506036520,Cephalexin
cephalosporins,cephalexin,53506036528,Cephalexin
cephalosporins,cephalexin,53506036540,Cephalexin
cephalosporins,cephalexin,53978502006,Cephalexin
cephalosporins,cephalexin,53978502106,Cephalexin
cephalosporins,cephalexin,54274049632,Cephalexin
cephalosporins,cephalexin,54274049636,Cephalexin
cephalosporins,cephalexin,54274049732,Cephalexin
cephalosporins,cephalexin,54274049736,Cephalexin
cephalosporins,cephalexin,54274050410,Cephalexin
cephalosporins,cephalexin,54274050430,Cephalexin
cephalosporins,cephalexin,54274050510,Cephalexin
cephalosporins,cephalexin,54274050530,Cephalexin
cephalosporins,cephalexin,54274057610,Cephalexin
cephalosporins,cephalexin,54274057710,Cephalexin
cephalosporins,cephalexin,54538015001,Cephalexin
cephalosporins,cephalexin,54538015005,Cephalexin
cephalosporins,cephalexin,54538015010,Cephalexin
cephalosporins,cephalexin,54538025001,Cephalexin
cephalosporins,cephalexin,54538025005,Cephalexin
cephalosporins,cephalexin,54538025010,Cephalexin
cephalosporins,cephalexin,54538025015,Cephalexin
cephalosporins,cephalexin,54569011200,Cephalexin
cephalosporins,cephalexin,54569011201,Cephalexin
cephalosporins,cephalexin,54569011202,Cephalexin
cephalosporins,cephalexin,54569011206,Cephalexin
cephalosporins,cephalexin,54569011302,Cephalexin
cephalosporins,cephalexin,54569011303,Cephalexin
cephalosporins,cephalexin,54569011304,Cephalexin
cephalosporins,cephalexin,54569011400,Cephalexin
cephalosporins,cephalexin,54569030400,Cephalexin
cephalosporins,cephalexin,54569030401,Cephalexin
cephalosporins,cephalexin,54569030402,Cephalexin
cephalosporins,cephalexin,54569030403,Cephalexin
cephalosporins,cephalexin,54569030404,Cephalexin
cephalosporins,cephalexin,54569030405,Cephalexin
cephalosporins,cephalexin,54569030406,Cephalexin
cephalosporins,cephalexin,54569030407,Cephalexin
cephalosporins,cephalexin,54569030408,Cephalexin
cephalosporins,cephalexin,54569030409,Cephalexin
cephalosporins,cephalexin,54569030500,Cephalexin
cephalosporins,cephalexin,54569030501,Cephalexin
cephalosporins,cephalexin,54569030502,Cephalexin
cephalosporins,cephalexin,54569030503,Cephalexin
cephalosporins,cephalexin,54569030504,Cephalexin
cephalosporins,cephalexin,54569030505,Cephalexin
cephalosporins,cephalexin,54569030506,Cephalexin
cephalosporins,cephalexin,54569030507,Cephalexin
cephalosporins,cephalexin,54569030508,Cephalexin
cephalosporins,cephalexin,54569030509,Cephalexin
cephalosporins,cephalexin,54569102300,Cephalexin
cephalosporins,cephalexin,54569102400,Cephalexin
cephalosporins,cephalexin,54569102500,Cephalexin
cephalosporins,cephalexin,54569102700,Cephalexin
cephalosporins,cephalexin,54569158100,Cephalexin Hydrochloride
cephalosporins,cephalexin,54569158101,Cephalexin Hydrochloride
cephalosporins,cephalexin,54569158102,Cephalexin Hydrochloride
cephalosporins,cephalexin,54569267800,Cephalexin
cephalosporins,cephalexin,54569267801,Cephalexin
cephalosporins,cephalexin,54569267802,Cephalexin
cephalosporins,cephalexin,54569267803,Cephalexin
cephalosporins,cephalexin,54569332400,Cephalexin
cephalosporins,cephalexin,54569332401,Cephalexin
cephalosporins,cephalexin,54569332402,Cephalexin
cephalosporins,cephalexin,54569332403,Cephalexin
cephalosporins,cephalexin,54569332405,Cephalexin
cephalosporins,cephalexin,54569332406,Cephalexin
cephalosporins,cephalexin,54569345500,Cephalexin
cephalosporins,cephalexin,54569345501,Cephalexin
cephalosporins,cephalexin,54569345502,Cephalexin
cephalosporins,cephalexin,54569497200,Cephalexin
cephalosporins,cephalexin,54569502400,Cephalexin
cephalosporins,cephalexin,54569502401,Cephalexin
cephalosporins,cephalexin,54569502403,Cephalexin
cephalosporins,cephalexin,54569502500,Cephalexin
cephalosporins,cephalexin,54569502600,Cephalexin
cephalosporins,cephalexin,54569704100,Cephalexin
cephalosporins,cephalexin,54569704200,Cephalexin
cephalosporins,cephalexin,54569831500,Cephalexin
cephalosporins,cephalexin,54569832300,Cephalexin
cephalosporins,cephalexin,54569906000,Cephalexin
cephalosporins,cephalexin,54868015300,Cephalexin
cephalosporins,cephalexin,54868015301,Cephalexin
cephalosporins,cephalexin,54868015302,Cephalexin
cephalosporins,cephalexin,54868015303,Cephalexin
cephalosporins,cephalexin,54868015304,Cephalexin
cephalosporins,cephalexin,54868015305,Cephalexin
cephalosporins,cephalexin,54868015306,Cephalexin
cephalosporins,cephalexin,54868015308,Cephalexin
cephalosporins,cephalexin,54868015309,Cephalexin
cephalosporins,cephalexin,54868015400,Cephalexin
cephalosporins,cephalexin,54868015401,Cephalexin
cephalosporins,cephalexin,54868015402,Cephalexin
cephalosporins,cephalexin,54868015403,Cephalexin
cephalosporins,cephalexin,54868015404,Cephalexin
cephalosporins,cephalexin,54868015406,Cephalexin
cephalosporins,cephalexin,54868015407,Cephalexin
cephalosporins,cephalexin,54868015408,Cephalexin
cephalosporins,cephalexin,54868015409,Cephalexin
cephalosporins,cephalexin,54868015501,Cephalexin
cephalosporins,cephalexin,54868042500,Cephalexin
cephalosporins,cephalexin,54868042501,Cephalexin
cephalosporins,cephalexin,54868053801,Cephalexin
cephalosporins,cephalexin,54868053802,Cephalexin
cephalosporins,cephalexin,54868111201,Cephalexin Hydrochloride
cephalosporins,cephalexin,54868111202,Cephalexin Hydrochloride
cephalosporins,cephalexin,54868138501,Cephalexin
cephalosporins,cephalexin,54868138502,Cephalexin
cephalosporins,cephalexin,54977017320,Cephalexin
cephalosporins,cephalexin,54977017420,Cephalexin
cephalosporins,cephalexin,54977017428,Cephalexin
cephalosporins,cephalexin,55045111700,Cephalexin
cephalosporins,cephalexin,55045111701,Cephalexin
cephalosporins,cephalexin,55045111702,Cephalexin
cephalosporins,cephalexin,55045111703,Cephalexin
cephalosporins,cephalexin,55045111704,Cephalexin
cephalosporins,cephalexin,55045111705,Cephalexin
cephalosporins,cephalexin,55045111706,Cephalexin
cephalosporins,cephalexin,55045111707,Cephalexin
cephalosporins,cephalexin,55045111708,Cephalexin
cephalosporins,cephalexin,55045111709,Cephalexin
cephalosporins,cephalexin,55045117000,Cephalexin
cephalosporins,cephalexin,55045117001,Cephalexin
cephalosporins,cephalexin,55045117002,Cephalexin
cephalosporins,cephalexin,55045117003,Cephalexin
cephalosporins,cephalexin,55045117004,Cephalexin
cephalosporins,cephalexin,55045117005,Cephalexin
cephalosporins,cephalexin,55045117006,Cephalexin
cephalosporins,cephalexin,55045117007,Cephalexin
cephalosporins,cephalexin,55045117008,Cephalexin
cephalosporins,cephalexin,55045117009,Cephalexin
cephalosporins,cephalexin,55045124701,Cephalexin
cephalosporins,cephalexin,55045126209,Cephalexin
cephalosporins,cephalexin,55045141501,Cephalexin
cephalosporins,cephalexin,55045150009,Cephalexin
cephalosporins,cephalexin,55045261001,Cephalexin
cephalosporins,cephalexin,55045261002,Cephalexin
cephalosporins,cephalexin,55045261004,Cephalexin
cephalosporins,cephalexin,55045261006,Cephalexin
cephalosporins,cephalexin,55045261007,Cephalexin
cephalosporins,cephalexin,55045261009,Cephalexin
cephalosporins,cephalexin,55045278704,Cephalexin
cephalosporins,cephalexin,55045392301,Cephalexin
cephalosporins,cephalexin,55048006514,Cephalexin
cephalosporins,cephalexin,55048006520,Cephalexin
cephalosporins,cephalexin,55048006528,Cephalexin
cephalosporins,cephalexin,55048006530,Cephalexin
cephalosporins,cephalexin,55048006540,Cephalexin
cephalosporins,cephalexin,55048006628,Cephalexin
cephalosporins,cephalexin,55048006630,Cephalexin
cephalosporins,cephalexin,55048014630,Cephalexin
cephalosporins,cephalexin,55048014660,Cephalexin
cephalosporins,cephalexin,55081011900,Cephalexin
cephalosporins,cephalexin,55081011901,Cephalexin
cephalosporins,cephalexin,55081011902,Cephalexin
cephalosporins,cephalexin,55081011903,Cephalexin
cephalosporins,cephalexin,55081012000,Cephalexin
cephalosporins,cephalexin,55081012001,Cephalexin
cephalosporins,cephalexin,55081012002,Cephalexin
cephalosporins,cephalexin,55081012003,Cephalexin
cephalosporins,cephalexin,55081012004,Cephalexin
cephalosporins,cephalexin,55081012005,Cephalexin
cephalosporins,cephalexin,55081093300,Cephalexin
cephalosporins,cephalexin,55081093301,Cephalexin
cephalosporins,cephalexin,55081093400,Cephalexin
cephalosporins,cephalexin,55081093401,Cephalexin
cephalosporins,cephalexin,55084004602,Cephalexin
cephalosporins,cephalexin,55084004607,Cephalexin
cephalosporins,cephalexin,55084004702,Cephalexin
cephalosporins,cephalexin,55084004707,Cephalexin
cephalosporins,cephalexin,55084004820,Cephalexin
cephalosporins,cephalexin,55084004828,Cephalexin
cephalosporins,cephalexin,55084004840,Cephalexin
cephalosporins,cephalexin,55084004914,Cephalexin
cephalosporins,cephalexin,55084004920,Cephalexin
cephalosporins,cephalexin,55084004928,Cephalexin
cephalosporins,cephalexin,55084004940,Cephalexin
cephalosporins,cephalexin,55175145601,Cephalexin
cephalosporins,cephalexin,55175145602,Cephalexin
cephalosporins,cephalexin,55175145603,Cephalexin
cephalosporins,cephalexin,55175145604,Cephalexin
cephalosporins,cephalexin,55175145605,Cephalexin
cephalosporins,cephalexin,55175145608,Cephalexin
cephalosporins,cephalexin,55175146100,Cephalexin
cephalosporins,cephalexin,55175146101,Cephalexin
cephalosporins,cephalexin,55175146102,Cephalexin
cephalosporins,cephalexin,55175146103,Cephalexin
cephalosporins,cephalexin,55175146104,Cephalexin
cephalosporins,cephalexin,55175146105,Cephalexin
cephalosporins,cephalexin,55175146106,Cephalexin
cephalosporins,cephalexin,55175146107,Cephalexin
cephalosporins,cephalexin,55175146108,Cephalexin
cephalosporins,cephalexin,55175146109,Cephalexin
cephalosporins,cephalexin,55175174701,Cephalexin
cephalosporins,cephalexin,55175174702,Cephalexin
cephalosporins,cephalexin,55175210200,Cephalexin Hydrochloride
cephalosporins,cephalexin,55175246201,Cephalexin
cephalosporins,cephalexin,55175246202,Cephalexin
cephalosporins,cephalexin,55175427401,Cephalexin
cephalosporins,cephalexin,55175428001,Cephalexin
cephalosporins,cephalexin,55289005701,Cephalexin
cephalosporins,cephalexin,55289005706,Cephalexin
cephalosporins,cephalexin,55289005710,Cephalexin
cephalosporins,cephalexin,55289005715,Cephalexin
cephalosporins,cephalexin,55289005717,Cephalexin
cephalosporins,cephalexin,55289005720,Cephalexin
cephalosporins,cephalexin,55289005724,Cephalexin
cephalosporins,cephalexin,55289005728,Cephalexin
cephalosporins,cephalexin,55289005730,Cephalexin
cephalosporins,cephalexin,55289005740,Cephalexin
cephalosporins,cephalexin,55289005797,Cephalexin
cephalosporins,cephalexin,55289005801,Cephalexin
cephalosporins,cephalexin,55289005804,Cephalexin
cephalosporins,cephalexin,55289005808,Cephalexin
cephalosporins,cephalexin,55289005810,Cephalexin
cephalosporins,cephalexin,55289005814,Cephalexin
cephalosporins,cephalexin,55289005817,Cephalexin
cephalosporins,cephalexin,55289005820,Cephalexin
cephalosporins,cephalexin,55289005821,Cephalexin
cephalosporins,cephalexin,55289005824,Cephalexin
cephalosporins,cephalexin,55289005828,Cephalexin
cephalosporins,cephalexin,55289005830,Cephalexin
cephalosporins,cephalexin,55289005840,Cephalexin
cephalosporins,cephalexin,55289005856,Cephalexin
cephalosporins,cephalexin,55289033310,Cephalexin Hydrochloride
cephalosporins,cephalexin,55289033320,Cephalexin Hydrochloride
cephalosporins,cephalexin,55289033324,Cephalexin Hydrochloride
cephalosporins,cephalexin,55289058240,Cephalexin
cephalosporins,cephalexin,55289088508,Cephalexin
cephalosporins,cephalexin,55289088524,Cephalexin
cephalosporins,cephalexin,55289088530,Cephalexin
cephalosporins,cephalexin,55370081207,Cephalexin
cephalosporins,cephalexin,55370081208,Cephalexin
cephalosporins,cephalexin,55370090007,Cephalexin
cephalosporins,cephalexin,55370090008,Cephalexin
cephalosporins,cephalexin,55370090107,Cephalexin
cephalosporins,cephalexin,55370090108,Cephalexin
cephalosporins,cephalexin,55370090213,Cephalexin
cephalosporins,cephalexin,55370090240,Cephalexin
cephalosporins,cephalexin,55370090313,Cephalexin
cephalosporins,cephalexin,55370090340,Cephalexin
cephalosporins,cephalexin,55700000810,Cephalexin
cephalosporins,cephalexin,55700000814,Cephalexin
cephalosporins,cephalexin,55700000820,Cephalexin
cephalosporins,cephalexin,55700000828,Cephalexin
cephalosporins,cephalexin,55700000830,Cephalexin
cephalosporins,cephalexin,55700000840,Cephalexin
cephalosporins,cephalexin,55700000910,Cephalexin
cephalosporins,cephalexin,55700000914,Cephalexin
cephalosporins,cephalexin,55700000920,Cephalexin
cephalosporins,cephalexin,55700000928,Cephalexin
cephalosporins,cephalexin,55700000930,Cephalexin
cephalosporins,cephalexin,55700000940,Cephalexin
cephalosporins,cephalexin,55700004310,Cephalexin
cephalosporins,cephalexin,55700004314,Cephalexin
cephalosporins,cephalexin,55700004320,Cephalexin
cephalosporins,cephalexin,55700004328,Cephalexin
cephalosporins,cephalexin,55700004330,Cephalexin
cephalosporins,cephalexin,55700004340,Cephalexin
cephalosporins,cephalexin,55700014540,Cephalexin
cephalosporins,cephalexin,55700014900,Cephalexin
cephalosporins,cephalexin,55700026730,Cephalexin
cephalosporins,cephalexin,55700036420,Cephalexin
cephalosporins,cephalexin,55700036430,Cephalexin
cephalosporins,cephalexin,55700036440,Cephalexin
cephalosporins,cephalexin,55700053310,Cephalexin
cephalosporins,cephalexin,55700053328,Cephalexin
cephalosporins,cephalexin,55700053330,Cephalexin
cephalosporins,cephalexin,55700053340,Cephalexin
cephalosporins,cephalexin,55829061710,Cephalexin
cephalosporins,cephalexin,55829061810,Cephalexin
cephalosporins,cephalexin,55887071901,Cephalexin
cephalosporins,cephalexin,55887071920,Cephalexin
cephalosporins,cephalexin,55887095805,Cephalexin
cephalosporins,cephalexin,55887095808,Cephalexin
cephalosporins,cephalexin,55887095809,Cephalexin
cephalosporins,cephalexin,55887095814,Cephalexin
cephalosporins,cephalexin,55887095815,Cephalexin
cephalosporins,cephalexin,55887095820,Cephalexin
cephalosporins,cephalexin,55887095821,Cephalexin
cephalosporins,cephalexin,55887095828,Cephalexin
cephalosporins,cephalexin,55887095830,Cephalexin
cephalosporins,cephalexin,55887095840,Cephalexin
cephalosporins,cephalexin,55887099121,Cephalexin
cephalosporins,cephalexin,55887099128,Cephalexin
cephalosporins,cephalexin,55887099130,Cephalexin
cephalosporins,cephalexin,55887099140,Cephalexin
cephalosporins,cephalexin,55953008401,Cephalexin
cephalosporins,cephalexin,55953008440,Cephalexin
cephalosporins,cephalexin,55953008470,Cephalexin
cephalosporins,cephalexin,55953008480,Cephalexin
cephalosporins,cephalexin,55953009240,Cephalexin
cephalosporins,cephalexin,55953009253,Cephalexin
cephalosporins,cephalexin,55953010640,Cephalexin
cephalosporins,cephalexin,55953010653,Cephalexin
cephalosporins,cephalexin,55953011401,Cephalexin
cephalosporins,cephalexin,55953011440,Cephalexin
cephalosporins,cephalexin,55953011458,Cephalexin
cephalosporins,cephalexin,55953011470,Cephalexin
cephalosporins,cephalexin,55953011480,Cephalexin
cephalosporins,cephalexin,57480046801,Cephalexin
cephalosporins,cephalexin,57480046901,Cephalexin
cephalosporins,cephalexin,57866011701,Cephalexin
cephalosporins,cephalexin,57866011703,Cephalexin
cephalosporins,cephalexin,57866011704,Cephalexin
cephalosporins,cephalexin,57866011705,Cephalexin
cephalosporins,cephalexin,57866011706,Cephalexin
cephalosporins,cephalexin,57866721601,Cephalexin
cephalosporins,cephalexin,57866721602,Cephalexin
cephalosporins,cephalexin,57866721603,Cephalexin
cephalosporins,cephalexin,57866721604,Cephalexin
cephalosporins,cephalexin,57866721607,Cephalexin
cephalosporins,cephalexin,57866721608,Cephalexin
cephalosporins,cephalexin,58016013800,Cephalexin
cephalosporins,cephalexin,58016013802,Cephalexin
cephalosporins,cephalexin,58016013803,Cephalexin
cephalosporins,cephalexin,58016013812,Cephalexin
cephalosporins,cephalexin,58016013814,Cephalexin
cephalosporins,cephalexin,58016013815,Cephalexin
cephalosporins,cephalexin,58016013820,Cephalexin
cephalosporins,cephalexin,58016013821,Cephalexin
cephalosporins,cephalexin,58016013824,Cephalexin
cephalosporins,cephalexin,58016013828,Cephalexin
cephalosporins,cephalexin,58016013830,Cephalexin
cephalosporins,cephalexin,58016013840,Cephalexin
cephalosporins,cephalexin,58016013856,Cephalexin
cephalosporins,cephalexin,58016013860,Cephalexin
cephalosporins,cephalexin,58016013873,Cephalexin
cephalosporins,cephalexin,58016013889,Cephalexin
cephalosporins,cephalexin,58016013900,Cephalexin
cephalosporins,cephalexin,58016013902,Cephalexin
cephalosporins,cephalexin,58016013903,Cephalexin
cephalosporins,cephalexin,58016013904,Cephalexin
cephalosporins,cephalexin,58016013905,Cephalexin
cephalosporins,cephalexin,58016013906,Cephalexin
cephalosporins,cephalexin,58016013908,Cephalexin
cephalosporins,cephalexin,58016013910,Cephalexin
cephalosporins,cephalexin,58016013912,Cephalexin
cephalosporins,cephalexin,58016013914,Cephalexin
cephalosporins,cephalexin,58016013915,Cephalexin
cephalosporins,cephalexin,58016013918,Cephalexin
cephalosporins,cephalexin,58016013920,Cephalexin
cephalosporins,cephalexin,58016013921,Cephalexin
cephalosporins,cephalexin,58016013924,Cephalexin
cephalosporins,cephalexin,58016013928,Cephalexin
cephalosporins,cephalexin,58016013930,Cephalexin
cephalosporins,cephalexin,58016013940,Cephalexin
cephalosporins,cephalexin,58016013950,Cephalexin
cephalosporins,cephalexin,58016013956,Cephalexin
cephalosporins,cephalexin,58016013960,Cephalexin
cephalosporins,cephalexin,58016013973,Cephalexin
cephalosporins,cephalexin,58016013989,Cephalexin
cephalosporins,cephalexin,58016013990,Cephalexin
cephalosporins,cephalexin,58016015810,Cephalexin Hydrochloride
cephalosporins,cephalexin,58016015820,Cephalexin Hydrochloride
cephalosporins,cephalexin,58016063300,Cephalexin
cephalosporins,cephalexin,58016063330,Cephalexin
cephalosporins,cephalexin,58016063360,Cephalexin
cephalosporins,cephalexin,58016063390,Cephalexin
cephalosporins,cephalexin,58016101901,Cephalexin
cephalosporins,cephalexin,58016102101,Cephalexin
cephalosporins,cephalexin,58016102103,Cephalexin
cephalosporins,cephalexin,58016104501,Cephalexin
cephalosporins,cephalexin,58016104506,Cephalexin
cephalosporins,cephalexin,58016104601,Cephalexin
cephalosporins,cephalexin,58016104603,Cephalexin
cephalosporins,cephalexin,58016104606,Cephalexin
cephalosporins,cephalexin,58463001101,Cephalexin
cephalosporins,cephalexin,58463001201,Cephalexin
cephalosporins,cephalexin,58463001350,Cephalexin
cephalosporins,cephalexin,58469001203,Cephalexin
cephalosporins,cephalexin,58469001303,Cephalexin
cephalosporins,cephalexin,58469012030,Cephalexin
cephalosporins,cephalexin,58469013030,Cephalexin
cephalosporins,cephalexin,58864007201,Cephalexin
cephalosporins,cephalexin,58864007230,Cephalexin
cephalosporins,cephalexin,58864007240,Cephalexin
cephalosporins,cephalexin,58864007301,Cephalexin
cephalosporins,cephalexin,58864007303,Cephalexin
cephalosporins,cephalexin,58864007320,Cephalexin
cephalosporins,cephalexin,58864007328,Cephalexin
cephalosporins,cephalexin,58864007330,Cephalexin
cephalosporins,cephalexin,58864007340,Cephalexin
cephalosporins,cephalexin,58864007356,Cephalexin
cephalosporins,cephalexin,58869086901,Cephalexin
cephalosporins,cephalexin,58869087101,Cephalexin
cephalosporins,cephalexin,59630011210,Cephalexin
cephalosporins,cephalexin,59630011310,Cephalexin
cephalosporins,cephalexin,59630011505,Cephalexin
cephalosporins,cephalexin,59911593101,Cephalexin
cephalosporins,cephalexin,59911593102,Cephalexin
cephalosporins,cephalexin,59911593201,Cephalexin
cephalosporins,cephalexin,59911593202,Cephalexin
cephalosporins,cephalexin,59911593301,Cephalexin
cephalosporins,cephalexin,59911593302,Cephalexin
cephalosporins,cephalexin,59911593401,Cephalexin
cephalosporins,cephalexin,59911593402,Cephalexin
cephalosporins,cephalexin,60346005506,Cephalexin
cephalosporins,cephalexin,60346005508,Cephalexin
cephalosporins,cephalexin,60346005510,Cephalexin
cephalosporins,cephalexin,60346005512,Cephalexin
cephalosporins,cephalexin,60346005514,Cephalexin
cephalosporins,cephalexin,60346005515,Cephalexin
cephalosporins,cephalexin,60346005520,Cephalexin
cephalosporins,cephalexin,60346005528,Cephalexin
cephalosporins,cephalexin,60346005530,Cephalexin
cephalosporins,cephalexin,60346005540,Cephalexin
cephalosporins,cephalexin,60346005544,Cephalexin
cephalosporins,cephalexin,60346005590,Cephalexin
cephalosporins,cephalexin,60346031334,Cephalexin
cephalosporins,cephalexin,60346031371,Cephalexin
cephalosporins,cephalexin,60346044106,Cephalexin
cephalosporins,cephalexin,60346044108,Cephalexin
cephalosporins,cephalexin,60346044110,Cephalexin
cephalosporins,cephalexin,60346044112,Cephalexin
cephalosporins,cephalexin,60346044115,Cephalexin
cephalosporins,cephalexin,60346044120,Cephalexin
cephalosporins,cephalexin,60346044124,Cephalexin
cephalosporins,cephalexin,60346044125,Cephalexin
cephalosporins,cephalexin,60346044128,Cephalexin
cephalosporins,cephalexin,60346044130,Cephalexin
cephalosporins,cephalexin,60346044140,Cephalexin
cephalosporins,cephalexin,60346044144,Cephalexin
cephalosporins,cephalexin,60346062334,Cephalexin
cephalosporins,cephalexin,60346062371,Cephalexin
cephalosporins,cephalexin,60346064908,Cephalexin
cephalosporins,cephalexin,60346064912,Cephalexin
cephalosporins,cephalexin,60346065010,Cephalexin Hydrochloride
cephalosporins,cephalexin,60346065020,Cephalexin Hydrochloride
cephalosporins,cephalexin,60429003605,Cephalexin
cephalosporins,cephalexin,60429003640,Cephalexin
cephalosporins,cephalexin,60429003705,Cephalexin
cephalosporins,cephalexin,60429003740,Cephalexin
cephalosporins,cephalexin,60687015201,Cephalexin
cephalosporins,cephalexin,60687015211,Cephalexin
cephalosporins,cephalexin,60687016301,Cephalexin
cephalosporins,cephalexin,60687016311,Cephalexin
cephalosporins,cephalexin,61442016101,Cephalexin
cephalosporins,cephalexin,61442016105,Cephalexin
cephalosporins,cephalexin,61442016201,Cephalexin
cephalosporins,cephalexin,61442016205,Cephalexin
cephalosporins,cephalexin,61442020101,Cephalexin
cephalosporins,cephalexin,61442020102,Cephalexin
cephalosporins,cephalexin,61442020201,Cephalexin
cephalosporins,cephalexin,61442020202,Cephalexin
cephalosporins,cephalexin,61919002910,Cephalexin
cephalosporins,cephalexin,61919002920,Cephalexin
cephalosporins,cephalexin,61919002928,Cephalexin
cephalosporins,cephalexin,61919002930,Cephalexin
cephalosporins,cephalexin,61919002940,Cephalexin
cephalosporins,cephalexin,61919003510,Cephalexin
cephalosporins,cephalexin,61919003514,Cephalexin
cephalosporins,cephalexin,61919003520,Cephalexin
cephalosporins,cephalexin,61919003528,Cephalexin
cephalosporins,cephalexin,61919003530,Cephalexin
cephalosporins,cephalexin,61919003540,Cephalexin
cephalosporins,cephalexin,61919004932,Cephalexin
cephalosporins,cephalexin,61919005030,Cephalexin
cephalosporins,cephalexin,61919005120,Cephalexin
cephalosporins,cephalexin,61919005130,Cephalexin
cephalosporins,cephalexin,61919035828,Cephalexin
cephalosporins,cephalexin,61919041010,Cephalexin
cephalosporins,cephalexin,61919052210,Cephalexin
cephalosporins,cephalexin,61919052220,Cephalexin
cephalosporins,cephalexin,61919052228,Cephalexin
cephalosporins,cephalexin,61919052230,Cephalexin
cephalosporins,cephalexin,61919052240,Cephalexin
cephalosporins,cephalexin,62584023501,Cephalexin
cephalosporins,cephalexin,62584023601,Cephalexin
cephalosporins,cephalexin,62756029313,Cephalexin
cephalosporins,cephalexin,62756029388,Cephalexin
cephalosporins,cephalexin,62756029413,Cephalexin
cephalosporins,cephalexin,62756029488,Cephalexin
cephalosporins,cephalexin,63187004630,Cephalexin
cephalosporins,cephalexin,63187004640,Cephalexin
cephalosporins,cephalexin,63187045428,Cephalexin
cephalosporins,cephalexin,63187045430,Cephalexin
cephalosporins,cephalexin,63187045440,Cephalexin
cephalosporins,cephalexin,63187059228,Cephalexin
cephalosporins,cephalexin,63187059230,Cephalexin
cephalosporins,cephalexin,63187059240,Cephalexin
cephalosporins,cephalexin,63304057301,Cephalexin
cephalosporins,cephalexin,63304057340,Cephalexin
cephalosporins,cephalexin,63304057401,Cephalexin
cephalosporins,cephalexin,63304057440,Cephalexin
cephalosporins,cephalexin,63304064805,Cephalexin
cephalosporins,cephalexin,63304065601,Cephalexin
cephalosporins,cephalexin,63304065605,Cephalexin
cephalosporins,cephalexin,63304065701,Cephalexin
cephalosporins,cephalexin,63304065705,Cephalexin
cephalosporins,cephalexin,63304067501,Cephalexin
cephalosporins,cephalexin,63304067505,Cephalexin
cephalosporins,cephalexin,63304067601,Cephalexin
cephalosporins,cephalexin,63304067605,Cephalexin
cephalosporins,cephalexin,63304095801,Cephalexin
cephalosporins,cephalexin,63304095802,Cephalexin
cephalosporins,cephalexin,63304095901,Cephalexin
cephalosporins,cephalexin,63304095902,Cephalexin
cephalosporins,cephalexin,63629131701,Cephalexin
cephalosporins,cephalexin,63629131702,Cephalexin
cephalosporins,cephalexin,63629131703,Cephalexin
cephalosporins,cephalexin,63629131704,Cephalexin
cephalosporins,cephalexin,63629131705,Cephalexin
cephalosporins,cephalexin,63629131900,Cephalexin
cephalosporins,cephalexin,63629131901,Cephalexin
cephalosporins,cephalexin,63629131902,Cephalexin
cephalosporins,cephalexin,63629131903,Cephalexin
cephalosporins,cephalexin,63629131904,Cephalexin
cephalosporins,cephalexin,63629131905,Cephalexin
cephalosporins,cephalexin,63629131906,Cephalexin
cephalosporins,cephalexin,63629131907,Cephalexin
cephalosporins,cephalexin,63629131908,Cephalexin
cephalosporins,cephalexin,63629131909,Cephalexin
cephalosporins,cephalexin,63629421901,Cephalexin
cephalosporins,cephalexin,63629422001,Cephalexin
cephalosporins,cephalexin,63629422101,Cephalexin
cephalosporins,cephalexin,63629422201,Cephalexin
cephalosporins,cephalexin,63629423001,Cephalexin
cephalosporins,cephalexin,63629425701,Cephalexin
cephalosporins,cephalexin,63629425901,Cephalexin
cephalosporins,cephalexin,63629426701,Cephalexin
cephalosporins,cephalexin,63629426801,Cephalexin
cephalosporins,cephalexin,63629426901,Cephalexin
cephalosporins,cephalexin,63629427001,Cephalexin
cephalosporins,cephalexin,63874011101,Cephalexin
cephalosporins,cephalexin,63874011103,Cephalexin
cephalosporins,cephalexin,63874011104,Cephalexin
cephalosporins,cephalexin,63874011112,Cephalexin
cephalosporins,cephalexin,63874011114,Cephalexin
cephalosporins,cephalexin,63874011115,Cephalexin
cephalosporins,cephalexin,63874011116,Cephalexin
cephalosporins,cephalexin,63874011120,Cephalexin
cephalosporins,cephalexin,63874011121,Cephalexin
cephalosporins,cephalexin,63874011124,Cephalexin
cephalosporins,cephalexin,63874011128,Cephalexin
cephalosporins,cephalexin,63874011130,Cephalexin
cephalosporins,cephalexin,63874011140,Cephalexin
cephalosporins,cephalexin,63874011150,Cephalexin
cephalosporins,cephalexin,63874011156,Cephalexin
cephalosporins,cephalexin,63874011160,Cephalexin
cephalosporins,cephalexin,63874011172,Cephalexin
cephalosporins,cephalexin,63874011174,Cephalexin
cephalosporins,cephalexin,63874011177,Cephalexin
cephalosporins,cephalexin,63874011180,Cephalexin
cephalosporins,cephalexin,63874011201,Cephalexin
cephalosporins,cephalexin,63874011203,Cephalexin
cephalosporins,cephalexin,63874011204,Cephalexin
cephalosporins,cephalexin,63874011205,Cephalexin
cephalosporins,cephalexin,63874011206,Cephalexin
cephalosporins,cephalexin,63874011208,Cephalexin
cephalosporins,cephalexin,63874011210,Cephalexin
cephalosporins,cephalexin,63874011212,Cephalexin
cephalosporins,cephalexin,63874011214,Cephalexin
cephalosporins,cephalexin,63874011215,Cephalexin
cephalosporins,cephalexin,63874011216,Cephalexin
cephalosporins,cephalexin,63874011218,Cephalexin
cephalosporins,cephalexin,63874011220,Cephalexin
cephalosporins,cephalexin,63874011221,Cephalexin
cephalosporins,cephalexin,63874011224,Cephalexin
cephalosporins,cephalexin,63874011225,Cephalexin
cephalosporins,cephalexin,63874011228,Cephalexin
cephalosporins,cephalexin,63874011230,Cephalexin
cephalosporins,cephalexin,63874011240,Cephalexin
cephalosporins,cephalexin,63874011250,Cephalexin
cephalosporins,cephalexin,63874011256,Cephalexin
cephalosporins,cephalexin,63874011260,Cephalexin
cephalosporins,cephalexin,63874011272,Cephalexin
cephalosporins,cephalexin,63874011274,Cephalexin
cephalosporins,cephalexin,63874011277,Cephalexin
cephalosporins,cephalexin,63874015510,Cephalexin
cephalosporins,cephalexin,63874015520,Cephalexin
cephalosporins,cephalexin,63874016610,Cephalexin
cephalosporins,cephalexin,63874016620,Cephalexin
cephalosporins,cephalexin,64038003301,Cephalexin
cephalosporins,cephalexin,64038003340,Cephalexin
cephalosporins,cephalexin,64455003401,Cephalexin Hydrochloride
cephalosporins,cephalexin,64455003410,Cephalexin Hydrochloride
cephalosporins,cephalexin,64860010407,Cephalexin
cephalosporins,cephalexin,64860010408,Cephalexin
cephalosporins,cephalexin,64860010507,Cephalexin
cephalosporins,cephalexin,64860010508,Cephalexin
cephalosporins,cephalexin,64860030613,Cephalexin
cephalosporins,cephalexin,64860030640,Cephalexin
cephalosporins,cephalexin,64860030713,Cephalexin
cephalosporins,cephalexin,64860030740,Cephalexin
cephalosporins,cephalexin,65862001801,Cephalexin
cephalosporins,cephalexin,65862001805,Cephalexin
cephalosporins,cephalexin,65862001840,Cephalexin
cephalosporins,cephalexin,65862001901,Cephalexin
cephalosporins,cephalexin,65862001905,Cephalexin
cephalosporins,cephalexin,65862001940,Cephalexin
cephalosporins,cephalexin,66116012128,Cephalexin
cephalosporins,cephalexin,66116012140,Cephalexin
cephalosporins,cephalexin,66116012328,Cephalexin
cephalosporins,cephalexin,66116025528,Cephalexin
cephalosporins,cephalexin,66116025540,Cephalexin
cephalosporins,cephalexin,66267004912,Cephalexin
cephalosporins,cephalexin,66267004920,Cephalexin
cephalosporins,cephalexin,66267004928,Cephalexin
cephalosporins,cephalexin,66267004930,Cephalexin
cephalosporins,cephalexin,66267004940,Cephalexin
cephalosporins,cephalexin,66267005005,Cephalexin
cephalosporins,cephalexin,66267005006,Cephalexin
cephalosporins,cephalexin,66267005010,Cephalexin
cephalosporins,cephalexin,66267005012,Cephalexin
cephalosporins,cephalexin,66267005014,Cephalexin
cephalosporins,cephalexin,66267005015,Cephalexin
cephalosporins,cephalexin,66267005020,Cephalexin
cephalosporins,cephalexin,66267005028,Cephalexin
cephalosporins,cephalexin,66267005030,Cephalexin
cephalosporins,cephalexin,66267005040,Cephalexin
cephalosporins,cephalexin,66267005060,Cephalexin
cephalosporins,cephalexin,66267076904,Cephalexin
cephalosporins,cephalexin,66267098120,Cephalexin
cephalosporins,cephalexin,66267098200,Cephalexin
cephalosporins,cephalexin,66336005500,Cephalexin
cephalosporins,cephalexin,66336005506,Cephalexin
cephalosporins,cephalexin,66336005508,Cephalexin
cephalosporins,cephalexin,66336005510,Cephalexin
cephalosporins,cephalexin,66336005512,Cephalexin
cephalosporins,cephalexin,66336005514,Cephalexin
cephalosporins,cephalexin,66336005515,Cephalexin
cephalosporins,cephalexin,66336005520,Cephalexin
cephalosporins,cephalexin,66336005521,Cephalexin
cephalosporins,cephalexin,66336005525,Cephalexin
cephalosporins,cephalexin,66336005528,Cephalexin
cephalosporins,cephalexin,66336005530,Cephalexin
cephalosporins,cephalexin,66336005540,Cephalexin
cephalosporins,cephalexin,66336005560,Cephalexin
cephalosporins,cephalexin,66336005590,Cephalexin
cephalosporins,cephalexin,66336044103,Cephalexin
cephalosporins,cephalexin,66336044106,Cephalexin
cephalosporins,cephalexin,66336044108,Cephalexin
cephalosporins,cephalexin,66336044115,Cephalexin
cephalosporins,cephalexin,66336044120,Cephalexin
cephalosporins,cephalexin,66336044128,Cephalexin
cephalosporins,cephalexin,66336044130,Cephalexin
cephalosporins,cephalexin,66336044140,Cephalexin
cephalosporins,cephalexin,66814062070,Cephalexin
cephalosporins,cephalexin,66814062080,Cephalexin
cephalosporins,cephalexin,66814062170,Cephalexin
cephalosporins,cephalexin,66814062180,Cephalexin
cephalosporins,cephalexin,67046009021,Cephalexin
cephalosporins,cephalexin,67046009028,Cephalexin
cephalosporins,cephalexin,67046009030,Cephalexin
cephalosporins,cephalexin,67253010404,Cephalexin
cephalosporins,cephalexin,67253010504,Cephalexin
cephalosporins,cephalexin,67253030010,Cephalexin
cephalosporins,cephalexin,67253030050,Cephalexin
cephalosporins,cephalexin,67253030110,Cephalexin
cephalosporins,cephalexin,67253030150,Cephalexin
cephalosporins,cephalexin,67877021901,Cephalexin
cephalosporins,cephalexin,67877021905,Cephalexin
cephalosporins,cephalexin,67877021910,Cephalexin
cephalosporins,cephalexin,67877022001,Cephalexin
cephalosporins,cephalexin,67877022005,Cephalexin
cephalosporins,cephalexin,67877025520,Cephalexin
cephalosporins,cephalexin,67877025523,Cephalexin
cephalosporins,cephalexin,68071158500,Cephalexin
cephalosporins,cephalexin,68071158602,Cephalexin
cephalosporins,cephalexin,68071202408,Cephalexin
cephalosporins,cephalexin,68115007206,Cephalexin
cephalosporins,cephalexin,68115007209,Cephalexin
cephalosporins,cephalexin,68115007212,Cephalexin
cephalosporins,cephalexin,68115007215,Cephalexin
cephalosporins,cephalexin,68115007220,Cephalexin
cephalosporins,cephalexin,68115007228,Cephalexin
cephalosporins,cephalexin,68115007240,Cephalexin
cephalosporins,cephalexin,68115007306,Cephalexin
cephalosporins,cephalexin,68115007309,Cephalexin
cephalosporins,cephalexin,68115007310,Cephalexin
cephalosporins,cephalexin,68115007312,Cephalexin
cephalosporins,cephalexin,68115007314,Cephalexin
cephalosporins,cephalexin,68115007320,Cephalexin
cephalosporins,cephalexin,68115007328,Cephalexin
cephalosporins,cephalexin,68115007330,Cephalexin
cephalosporins,cephalexin,68115007340,Cephalexin
cephalosporins,cephalexin,68115007348,Cephalexin
cephalosporins,cephalexin,68115007360,Cephalexin
cephalosporins,cephalexin,68115007392,Cephalexin
cephalosporins,cephalexin,68115009020,Cephalexin
cephalosporins,cephalexin,68180012101,Cephalexin
cephalosporins,cephalexin,68180012102,Cephalexin
cephalosporins,cephalexin,68180012201,Cephalexin
cephalosporins,cephalexin,68180012202,Cephalexin
cephalosporins,cephalexin,68180012301,Cephalexin
cephalosporins,cephalexin,68180012302,Cephalexin
cephalosporins,cephalexin,68180012401,Cephalexin
cephalosporins,cephalexin,68180012402,Cephalexin
cephalosporins,cephalexin,68180044001,Cephalexin
cephalosporins,cephalexin,68180044002,Cephalexin
cephalosporins,cephalexin,68180044102,Cephalexin
cephalosporins,cephalexin,68387019020,Cephalexin
cephalosporins,cephalexin,68387019021,Cephalexin
cephalosporins,cephalexin,68387019030,Cephalexin
cephalosporins,cephalexin,68387019040,Cephalexin
cephalosporins,cephalexin,68453011210,Cephalexin
cephalosporins,cephalexin,68453011310,Cephalexin
cephalosporins,cephalexin,68453011505,Cephalexin
cephalosporins,cephalexin,69543010110,Cephalexin
cephalosporins,cephalexin,69543010150,Cephalexin
cephalosporins,cephalexin,69543010210,Cephalexin
cephalosporins,cephalexin,69543010250,Cephalexin
cephalosporins,cephalexin,76439010110,Cephalexin
cephalosporins,cephalexin,76439010150,Cephalexin
cephalosporins,cephalexin,76439010210,Cephalexin
cephalosporins,cephalexin,76439010250,Cephalexin
cephalosporins,cephalexin,99999001321,Cephalexin
cephalosporins,cephalexin,99999111104,Cephalexin
cephalosporins,cephalexin,99999111105,Cephalexin
cephalosporins,cephalexin,99999111106,Cephalexin
cephalosporins,cephalexin,99999111107,Cephalexin
cephalosporins,cephalexin,99999111108,Cephalexin
cephalosporins,cephalexin,99999111109,Cephalexin
cephalosporins,cephalexin,99999132100,Cephalexin
cephalosporins,cephalexin,99999222201,Cephalexin
cephalosporins,cephalexin,99999222202,Cephalexin
cephalosporins,cephalexin,99999523633,Cephalexin
cephalosporins,cephradine,00003011324,Cephradine
cephalosporins,cephradine,00003011350,Cephradine
cephalosporins,cephradine,00003011352,Cephradine
cephalosporins,cephradine,00003011426,Cephradine
cephalosporins,cephradine,00003011450,Cephradine
cephalosporins,cephradine,00003011452,Cephradine
cephalosporins,cephradine,00003014720,Cephradine
cephalosporins,cephradine,00003119320,Cephradine
cephalosporins,cephradine,00003119350,Cephradine
cephalosporins,cephradine,00003119380,Cephradine
cephalosporins,cephradine,00003119420,Cephradine
cephalosporins,cephradine,00003119450,Cephradine
cephalosporins,cephradine,00003119480,Cephradine
cephalosporins,cephradine,00003119720,Cephradine
cephalosporins,cephradine,00003119810,Cephradine
cephalosporins,cephradine,00003119910,Cephradine
cephalosporins,cephradine,00003147610,Cephradine
cephalosporins,cephradine,00003148110,Cephradine
cephalosporins,cephradine,00005340623,Cephradine
cephalosporins,cephradine,00005340723,Cephradine
cephalosporins,cephradine,00007317020,Cephradine
cephalosporins,cephradine,00007317021,Cephradine
cephalosporins,cephradine,00007317112,Cephradine
cephalosporins,cephradine,00007317120,Cephradine
cephalosporins,cephradine,00007317121,Cephradine
cephalosporins,cephradine,00007317472,Cephradine
cephalosporins,cephradine,00007317572,Cephradine
cephalosporins,cephradine,00047080824,Cephradine
cephalosporins,cephradine,00047080924,Cephradine
cephalosporins,cephradine,00093062501,Cephradine
cephalosporins,cephradine,00093062601,Cephradine
cephalosporins,cephradine,00093315301,Cephradine
cephalosporins,cephradine,00093315501,Cephradine
cephalosporins,cephradine,00102360001,Cephradine
cephalosporins,cephradine,00102360501,Cephradine
cephalosporins,cephradine,00172406310,Cephradine
cephalosporins,cephradine,00172406343,Cephradine
cephalosporins,cephradine,00172406360,Cephradine
cephalosporins,cephradine,00172406410,Cephradine
cephalosporins,cephradine,00172406443,Cephradine
cephalosporins,cephradine,00172406460,Cephradine
cephalosporins,cephradine,00182125301,Cephradine
cephalosporins,cephradine,00182125389,Cephradine
cephalosporins,cephradine,00182125401,Cephradine
cephalosporins,cephradine,00182125416,Cephradine
cephalosporins,cephradine,00182125489,Cephradine
cephalosporins,cephradine,00182701470,Cephradine
cephalosporins,cephradine,00182701570,Cephradine
cephalosporins,cephradine,00185073701,Cephradine
cephalosporins,cephradine,00185073705,Cephradine
cephalosporins,cephradine,00185073801,Cephradine
cephalosporins,cephradine,00185073805,Cephradine
cephalosporins,cephradine,00223061101,Cephradine
cephalosporins,cephradine,00223061201,Cephradine
cephalosporins,cephradine,00228248110,Cephradine
cephalosporins,cephradine,00228248210,Cephradine
cephalosporins,cephradine,00302054401,Cephradine
cephalosporins,cephradine,00302054501,Cephradine
cephalosporins,cephradine,00304171501,Cephradine
cephalosporins,cephradine,00304171601,Cephradine
cephalosporins,cephradine,00304194563,Cephradine
cephalosporins,cephradine,00304194663,Cephradine
cephalosporins,cephradine,00332315306,Cephradine
cephalosporins,cephradine,00332315308,Cephradine
cephalosporins,cephradine,00332315313,Cephradine
cephalosporins,cephradine,00332315506,Cephradine
cephalosporins,cephradine,00332315508,Cephradine
cephalosporins,cephradine,00332315509,Cephradine
cephalosporins,cephradine,00332315513,Cephradine
cephalosporins,cephradine,00332416532,Cephradine
cephalosporins,cephradine,00332416732,Cephradine
cephalosporins,cephradine,00349861601,Cephradine
cephalosporins,cephradine,00349861701,Cephradine
cephalosporins,cephradine,00349885201,Cephradine
cephalosporins,cephradine,00349885301,Cephradine
cephalosporins,cephradine,00349887701,Cephradine
cephalosporins,cephradine,00349887801,Cephradine
cephalosporins,cephradine,00364214101,Cephradine
cephalosporins,cephradine,00364214124,Cephradine
cephalosporins,cephradine,00364214201,Cephradine
cephalosporins,cephradine,00364214224,Cephradine
cephalosporins,cephradine,00364214361,Cephradine
cephalosporins,cephradine,00364214461,Cephradine
cephalosporins,cephradine,00403224420,Cephradine
cephalosporins,cephradine,00403224440,Cephradine
cephalosporins,cephradine,00403224640,Cephradine
cephalosporins,cephradine,00405415801,Cephradine
cephalosporins,cephradine,00405415901,Cephradine
cephalosporins,cephradine,00536018001,Cephradine
cephalosporins,cephradine,00536018005,Cephradine
cephalosporins,cephradine,00536018501,Cephradine
cephalosporins,cephradine,00536018505,Cephradine
cephalosporins,cephradine,00536019505,Cephradine
cephalosporins,cephradine,00555055002,Cephradine
cephalosporins,cephradine,00555055102,Cephradine
cephalosporins,cephradine,00555055222,Cephradine
cephalosporins,cephradine,00555055322,Cephradine
cephalosporins,cephradine,00580155201,Cephradine
cephalosporins,cephradine,00580155255,Cephradine
cephalosporins,cephradine,00580155301,Cephradine
cephalosporins,cephradine,00580155355,Cephradine
cephalosporins,cephradine,00603261921,Cephradine
cephalosporins,cephradine,00603262021,Cephradine
cephalosporins,cephradine,00677113501,Cephradine
cephalosporins,cephradine,00677113601,Cephradine
cephalosporins,cephradine,00686060620,Cephradine
cephalosporins,cephradine,00686060720,Cephradine
cephalosporins,cephradine,00686315308,Cephradine
cephalosporins,cephradine,00686315309,Cephradine
cephalosporins,cephradine,00686315508,Cephradine
cephalosporins,cephradine,00686315509,Cephradine
cephalosporins,cephradine,00686315513,Cephradine
cephalosporins,cephradine,00686416532,Cephradine
cephalosporins,cephradine,00686416732,Cephradine
cephalosporins,cephradine,00719123510,Cephradine
cephalosporins,cephradine,00719123610,Cephradine
cephalosporins,cephradine,00719123624,Cephradine
cephalosporins,cephradine,00719124410,Cephradine
cephalosporins,cephradine,00719124510,Cephradine
cephalosporins,cephradine,00719124524,Cephradine
cephalosporins,cephradine,00719703176,Cephradine
cephalosporins,cephradine,00719703276,Cephradine
cephalosporins,cephradine,00781253301,Cephradine
cephalosporins,cephradine,00781253401,Cephradine
cephalosporins,cephradine,00781253424,Cephradine
cephalosporins,cephradine,00839726206,Cephradine
cephalosporins,cephradine,00839726306,Cephradine
cephalosporins,cephradine,00839726473,Cephradine
cephalosporins,cephradine,00839726573,Cephradine
cephalosporins,cephradine,00904283204,Cephradine
cephalosporins,cephradine,00904283304,Cephradine
cephalosporins,cephradine,00904283760,Cephradine
cephalosporins,cephradine,00904283860,Cephradine
cephalosporins,cephradine,11845016101,Cephradine
cephalosporins,cephradine,11845016201,Cephradine
cephalosporins,cephradine,11845037201,Cephradine
cephalosporins,cephradine,11845037301,Cephradine
cephalosporins,cephradine,17236043701,Cephradine
cephalosporins,cephradine,17236043801,Cephradine
cephalosporins,cephradine,35470058501,Cephradine
cephalosporins,cephradine,35470058601,Cephradine
cephalosporins,cephradine,41764010401,Cephradine
cephalosporins,cephradine,41764010420,Cephradine
cephalosporins,cephradine,41764010428,Cephradine
cephalosporins,cephradine,41764010430,Cephradine
cephalosporins,cephradine,41764010440,Cephradine
cephalosporins,cephradine,41764023801,Cephradine
cephalosporins,cephradine,41764023810,Cephradine
cephalosporins,cephradine,41764023820,Cephradine
cephalosporins,cephradine,41764023828,Cephradine
cephalosporins,cephradine,41764023840,Cephradine
cephalosporins,cephradine,47202136001,Cephradine
cephalosporins,cephradine,47202136101,Cephradine
cephalosporins,cephradine,47202277201,Cephradine
cephalosporins,cephradine,47202277206,Cephradine
cephalosporins,cephradine,47202277301,Cephradine
cephalosporins,cephradine,47202277306,Cephradine
cephalosporins,cephradine,47679072401,Cephradine
cephalosporins,cephradine,47679072435,Cephradine
cephalosporins,cephradine,47679072501,Cephradine
cephalosporins,cephradine,47679072535,Cephradine
cephalosporins,cephradine,51079060620,Cephradine
cephalosporins,cephradine,51079060720,Cephradine
cephalosporins,cephradine,51432005503,Cephradine
cephalosporins,cephradine,51432005703,Cephradine
cephalosporins,cephradine,51432054114,Cephradine
cephalosporins,cephradine,51432054513,Cephradine
cephalosporins,cephradine,52959003214,Cephradine
cephalosporins,cephradine,52959003220,Cephradine
cephalosporins,cephradine,52959003228,Cephradine
cephalosporins,cephradine,52959003240,Cephradine
cephalosporins,cephradine,52959003242,Cephradine
cephalosporins,cephradine,52959030820,Cephradine
cephalosporins,cephradine,52959030840,Cephradine
cephalosporins,cephradine,53261052504,Cephradine
cephalosporins,cephradine,53261052514,Cephradine
cephalosporins,cephradine,53261052520,Cephradine
cephalosporins,cephradine,53261053028,Cephradine
cephalosporins,cephradine,54274049432,Cephradine
cephalosporins,cephradine,54274049532,Cephradine
cephalosporins,cephradine,54274051310,Cephradine
cephalosporins,cephradine,54274051410,Cephradine
cephalosporins,cephradine,54569032500,Cephradine
cephalosporins,cephradine,54569032501,Cephradine
cephalosporins,cephradine,54569032502,Cephradine
cephalosporins,cephradine,54569032503,Cephradine
cephalosporins,cephradine,54569032504,Cephradine
cephalosporins,cephradine,54569032505,Cephradine
cephalosporins,cephradine,54569032600,Cephradine
cephalosporins,cephradine,54569032601,Cephradine
cephalosporins,cephradine,54569032602,Cephradine
cephalosporins,cephradine,54569032603,Cephradine
cephalosporins,cephradine,54569032604,Cephradine
cephalosporins,cephradine,54569032605,Cephradine
cephalosporins,cephradine,54569032606,Cephradine
cephalosporins,cephradine,54569032607,Cephradine
cephalosporins,cephradine,54569032608,Cephradine
cephalosporins,cephradine,54569270400,Cephradine
cephalosporins,cephradine,54569312000,Cephradine
cephalosporins,cephradine,54868015701,Cephradine
cephalosporins,cephradine,54868199701,Cephradine
cephalosporins,cephradine,55081011300,Cephradine
cephalosporins,cephradine,55081011301,Cephradine
cephalosporins,cephradine,55081011302,Cephradine
cephalosporins,cephradine,55081011304,Cephradine
cephalosporins,cephradine,55081011400,Cephradine
cephalosporins,cephradine,55081011401,Cephradine
cephalosporins,cephradine,55081011402,Cephradine
cephalosporins,cephradine,55081011403,Cephradine
cephalosporins,cephradine,55081011405,Cephradine
cephalosporins,cephradine,55175146505,Cephradine
cephalosporins,cephradine,55175146508,Cephradine
cephalosporins,cephradine,55289059714,Cephradine
cephalosporins,cephradine,55289059720,Cephradine
cephalosporins,cephradine,55289059728,Cephradine
cephalosporins,cephradine,55289060815,Cephradine
cephalosporins,cephradine,55289060821,Cephradine
cephalosporins,cephradine,55289060830,Cephradine
cephalosporins,cephradine,55829062110,Cephradine
cephalosporins,cephradine,58016015400,Cephradine
cephalosporins,cephradine,58016015410,Cephradine
cephalosporins,cephradine,58016015412,Cephradine
cephalosporins,cephradine,58016015414,Cephradine
cephalosporins,cephradine,58016015416,Cephradine
cephalosporins,cephradine,58016015418,Cephradine
cephalosporins,cephradine,58016015420,Cephradine
cephalosporins,cephradine,58016015424,Cephradine
cephalosporins,cephradine,58016015430,Cephradine
cephalosporins,cephradine,58016015436,Cephradine
cephalosporins,cephradine,58016015440,Cephradine
cephalosporins,cephradine,58016015500,Cephradine
cephalosporins,cephradine,58016015510,Cephradine
cephalosporins,cephradine,58016015512,Cephradine
cephalosporins,cephradine,58016015515,Cephradine
cephalosporins,cephradine,58016015516,Cephradine
cephalosporins,cephradine,58016015518,Cephradine
cephalosporins,cephradine,58016015520,Cephradine
cephalosporins,cephradine,58016015524,Cephradine
cephalosporins,cephradine,58016015528,Cephradine
cephalosporins,cephradine,58016015530,Cephradine
cephalosporins,cephradine,58016015536,Cephradine
cephalosporins,cephradine,58016015540,Cephradine
cephalosporins,cephradine,58469001803,Cephradine
cephalosporins,cephradine,58469001853,Cephradine
cephalosporins,cephradine,58469018030,Cephradine
cephalosporins,cephradine,58469018530,Cephradine
cephalosporins,cephradine,58864007440,Cephradine
cephalosporins,cephradine,60346004020,Cephradine
cephalosporins,cephradine,60346004040,Cephradine
cephalosporins,cephradine,60346004103,Cephradine
cephalosporins,cephradine,60346004110,Cephradine
cephalosporins,cephradine,60346004115,Cephradine
cephalosporins,cephradine,60346004120,Cephradine
cephalosporins,cephradine,60346004128,Cephradine
cephalosporins,cephradine,60346004130,Cephradine
cephalosporins,cephradine,60346004140,Cephradine
cephalosporins,cephradine,63874010401,Cephradine
cephalosporins,cephradine,63874010420,Cephradine
cephalosporins,cephradine,63874010428,Cephradine
cephalosporins,cephradine,63874010430,Cephradine
cephalosporins,cephradine,63874010440,Cephradine
cephalosporins,cephradine,63874023801,Cephradine
cephalosporins,cephradine,63874023810,Cephradine
cephalosporins,cephradine,63874023820,Cephradine
cephalosporins,cephradine,63874023828,Cephradine
cephalosporins,cephradine,63874023840,Cephradine
cephalosporins,cephradine,99999142300,Cephradine
cephalosporins,cephradine,99999142301,Cephradine
cephalosporins,cephradine,99999222203,Cephradine
cephalosporins,cephradine,99999222204,Cephradine
